date,equity,returns
2023-07-03,100000.0,0.0
2023-07-04,100000.0,0.0
2023-07-05,100000.0,0.0
2023-07-06,100000.0,0.0
2023-07-07,100000.0,0.0
2023-07-10,100000.0,0.0
2023-07-11,100000.0,0.0
2023-07-12,100000.0,0.0
2023-07-13,100000.0,0.0
2023-07-14,100000.0,0.0
2023-07-17,100000.0,0.0
2023-07-18,100000.0,0.0
2023-07-19,100000.0,0.0
2023-07-20,100000.0,0.0
2023-07-21,100000.0,0.0
2023-07-24,100000.0,0.0
2023-07-25,100000.0,0.0
2023-07-26,100000.0,0.0
2023-07-27,100000.0,0.0
2023-07-28,100000.0,0.0
2023-07-31,100000.0,0.0
2023-08-01,100000.0,0.0
2023-08-02,100000.0,0.0
2023-08-03,100000.0,0.0
2023-08-04,100000.0,0.0
2023-08-07,100000.0,0.0
2023-08-08,100000.0,0.0
2023-08-09,100000.0,0.0
2023-08-10,100000.0,0.0
2023-08-11,100000.0,0.0
2023-08-14,100000.0,0.0
2023-08-15,100000.0,0.0
2023-08-16,100000.0,0.0
2023-08-17,100000.0,0.0
2023-08-18,100000.0,0.0
2023-08-21,100000.0,0.0
2023-08-22,100000.0,0.0
2023-08-23,100000.0,0.0
2023-08-24,100000.0,0.0
2023-08-25,100000.0,0.0
2023-08-28,100000.0,0.0
2023-08-29,100000.0,0.0
2023-08-30,100000.0,0.0
2023-08-31,100000.0,0.0
2023-09-01,100000.0,0.0
2023-09-04,100000.0,0.0
2023-09-05,100000.0,0.0
2023-09-06,100000.0,0.0
2023-09-07,100000.0,0.0
2023-09-08,100000.0,0.0
2023-09-11,100000.0,0.0
2023-09-12,100000.0,0.0
2023-09-13,100000.0,0.0
2023-09-14,100000.0,0.0
2023-09-15,100000.0,0.0
2023-09-18,100000.0,0.0
2023-09-19,100000.0,0.0
2023-09-20,100000.0,0.0
2023-09-21,100000.0,0.0
2023-09-22,100000.0,0.0
2023-09-25,100000.0,0.0
2023-09-26,100000.0,0.0
2023-09-27,100000.0,0.0
2023-09-28,100000.0,0.0
2023-10-09,100000.0,0.0
2023-10-10,100000.0,0.0
2023-10-11,99870.13960072961,-0.0012986039927038728
2023-10-12,98987.89960072964,-0.008833871701061757
2023-10-13,97664.53960072962,-0.013368906758682852
2023-10-16,96252.95560072962,-0.014453393276319226
2023-10-17,96341.17960072964,0.0009165848409473654
2023-10-18,93660.79498976322,-0.027821795644135117
2023-10-19,93660.79498976322,0.0
2023-10-20,93660.79498976322,0.0
2023-10-23,93660.79498976322,0.0
2023-10-24,93660.79498976322,0.0
2023-10-25,93660.79498976322,0.0
2023-10-26,93660.79498976322,0.0
2023-10-27,93660.79498976322,0.0
2023-10-30,93660.79498976322,0.0
2023-10-31,93660.79498976322,0.0
2023-11-01,93660.79498976322,0.0
2023-11-02,93660.79498976322,0.0
2023-11-03,93660.79498976322,0.0
2023-11-06,93660.79498976322,0.0
2023-11-07,93660.79498976322,0.0
2023-11-08,93660.79498976322,0.0
2023-11-09,93660.79498976322,0.0
2023-11-10,93660.79498976322,0.0
2023-11-13,93660.79498976322,0.0
2023-11-14,93660.79498976322,0.0
2023-11-15,93660.79498976322,0.0
2023-11-16,93660.79498976322,0.0
2023-11-17,93660.79498976322,0.0
2023-11-20,93660.79498976322,0.0
2023-11-21,93660.79498976322,0.0
2023-11-22,93660.79498976322,0.0
2023-11-23,93660.79498976322,0.0
2023-11-24,93660.79498976322,0.0
2023-11-27,93660.79498976322,0.0
2023-11-28,93660.79498976322,0.0
2023-11-29,93660.79498976322,0.0
2023-11-30,93660.79498976322,0.0
2023-12-01,93660.79498976322,0.0
2023-12-04,93660.79498976322,0.0
2023-12-05,93660.79498976322,0.0
2023-12-06,93660.79498976322,0.0
2023-12-07,93660.79498976322,0.0
2023-12-08,93660.79498976322,0.0
2023-12-11,93660.79498976322,0.0
2023-12-12,93660.79498976322,0.0
2023-12-13,93660.79498976322,0.0
2023-12-14,93660.79498976322,0.0
2023-12-15,93660.79498976322,0.0
2023-12-18,93660.79498976322,0.0
2023-12-19,93660.79498976322,0.0
2023-12-20,93660.79498976322,0.0
2023-12-21,93660.79498976322,0.0
2023-12-22,93660.79498976322,0.0
2023-12-25,93660.79498976322,0.0
2023-12-26,93660.79498976322,0.0
2023-12-27,93660.79498976322,0.0
2023-12-28,93660.79498976322,0.0
2023-12-29,93660.79498976322,0.0
2024-01-02,93660.79498976322,0.0
2024-01-03,93660.79498976322,0.0
2024-01-04,93660.79498976322,0.0
2024-01-05,93660.79498976322,0.0
2024-01-08,93660.79498976322,0.0
2024-01-09,93660.79498976322,0.0
2024-01-10,93660.79498976322,0.0
2024-01-11,93660.79498976322,0.0
2024-01-12,93660.79498976322,0.0
2024-01-15,93660.79498976322,0.0
2024-01-16,93660.79498976322,0.0
2024-01-17,93660.79498976322,0.0
2024-01-18,93660.79498976322,0.0
2024-01-19,93660.79498976322,0.0
2024-01-22,93660.79498976322,0.0
2024-01-23,93660.79498976322,0.0
2024-01-24,93660.79498976322,0.0
2024-01-25,93660.79498976322,0.0
2024-01-26,93660.79498976322,0.0
2024-01-29,93660.79498976322,0.0
2024-01-30,93660.79498976322,0.0
2024-01-31,93660.79498976322,0.0
2024-02-01,93660.79498976322,0.0
2024-02-02,93660.79498976322,0.0
2024-02-05,93660.79498976322,0.0
2024-02-06,93660.79498976322,0.0
2024-02-07,93660.79498976322,0.0
2024-02-08,93660.79498976322,0.0
2024-02-19,93539.16723709603,-0.0012985983375486398
2024-02-20,93091.18723709602,-0.0047892237362399115
2024-02-21,91209.67123709603,-0.020211537266228152
2024-02-22,93539.16723709603,0.025540010926522916
2024-02-23,93807.95523709602,0.002873534241743636
2024-02-26,93628.76323709602,-0.0019102004680423557
2024-02-27,99900.48323709602,0.0669849711046393
2024-02-28,93807.95523709602,-0.06098597126442795
2024-02-29,99004.52323709603,0.05539581357322931
2024-03-01,103215.53523709602,0.042533531421745874
2024-03-04,105634.62723709604,0.023437285815968822
2024-03-05,104828.26323709602,-0.007633519624110963
2024-03-06,104917.85923709603,0.0008546931641646438
2024-03-07,102677.95923709602,-0.02134908218950815
2024-03-08,108501.69923709604,0.056718501646027875
2024-03-11,108232.91123709602,-0.0024772699588111458
2024-03-12,106709.77923709604,-0.014072725038906109
2024-03-13,106620.18323709602,-0.0008396231408270838
2024-03-14,105993.01123709603,-0.005882300901746906
2024-03-15,108501.69923709604,0.023668428424854504
2024-03-18,111010.38723709603,0.023121186282235584
2024-03-19,110472.81123709603,-0.004842573865199151
2024-03-20,109756.04323709603,-0.006488184667100327
2024-03-21,108860.08323709604,-0.008163195151491887
2024-03-22,107784.93123709604,-0.00987645763285272
2024-03-25,105724.22323709603,-0.01911870218172751
2024-03-26,103170.86678395243,-0.024151101563711364
2024-03-27,103170.86678395243,0.0
2024-03-28,103170.86678395243,0.0
2024-03-29,103170.86678395243,0.0
2024-04-01,103170.86678395243,0.0
2024-04-02,103170.86678395243,0.0
2024-04-03,103170.86678395243,0.0
2024-04-08,103170.86678395243,0.0
2024-04-09,103170.86678395243,0.0
2024-04-10,103170.86678395243,0.0
2024-04-11,103170.86678395243,0.0
2024-04-12,103170.86678395243,0.0
2024-04-15,103170.86678395243,0.0
2024-04-16,103170.86678395243,0.0
2024-04-17,103170.86678395243,0.0
2024-04-18,103170.86678395243,0.0
2024-04-19,103170.86678395243,0.0
2024-04-22,103170.86678395243,0.0
2024-04-23,103170.86678395243,0.0
2024-04-24,103170.86678395243,0.0
2024-04-25,103170.86678395243,0.0
2024-04-26,103170.86678395243,0.0
2024-04-29,103036.88918757885,-0.0012985991157187238
2024-04-30,101753.21918757886,-0.012458353606377592
2024-05-06,102095.53118757886,0.0033641392649108592
2024-05-07,100983.01718757885,-0.010896794277469368
2024-05-08,99870.50318757886,-0.011016842544261385
2024-05-09,100212.81518757886,0.0034275585791039287
2024-05-10,99357.03518757886,-0.008539626378104903
2024-05-13,99357.03518757886,0.0
2024-05-14,98501.25518757886,-0.008613179714796693
2024-05-15,97987.78718757886,-0.005212806669541381
2024-05-16,99442.61318757886,0.014847013508071383
2024-05-17,100469.54918757886,0.010326920895199043
2024-05-20,101582.06318757887,0.011073146132296374
2024-05-21,100640.70518757885,-0.009266970668450947
2024-05-22,99870.50318757886,-0.007652986915825499
2024-05-23,98843.56718757885,-0.010282675737311453
2024-05-24,95980.16469660707,-0.02896903230473058
2024-05-27,95980.16469660707,0.0
2024-05-28,95980.16469660707,0.0
2024-05-29,95980.16469660707,0.0
2024-05-30,95980.16469660707,0.0
2024-05-31,95980.16469660707,0.0
2024-06-03,95980.16469660707,0.0
2024-06-04,95980.16469660707,0.0
2024-06-05,95980.16469660707,0.0
2024-06-06,95980.16469660707,0.0
2024-06-07,95980.16469660707,0.0
2024-06-11,95980.16469660707,0.0
2024-06-12,95980.16469660707,0.0
2024-06-13,95980.16469660707,0.0
2024-06-14,95855.52493942228,-0.0012985991176278633
2024-06-17,96897.4229394223,0.010869462147940379
2024-06-18,99381.94893942228,0.02564078511719803
2024-06-19,98660.63493942229,-0.007257998134446497
2024-06-20,97378.29893942228,-0.01299744321316565
2024-06-21,97618.73693942228,0.0024691127552922687
2024-06-24,94493.04293942229,-0.032019406294302444
2024-06-25,91527.64093942227,-0.031382225693600274
2024-06-26,94332.75093942229,0.0306476816315695
2024-06-27,92168.80893942228,-0.022939456110949497
2024-06-28,94412.89693942228,0.02434758597645459
2024-07-01,96015.81693942228,0.01697776524142114
2024-07-02,94893.77293942228,-0.011686032945050218
2024-07-03,93691.58293942228,-0.012668797569756807
2024-07-04,93130.56093942227,-0.005987965859886812
2024-07-05,92970.26893942228,-0.0017211535975204528
2024-07-08,92809.97693942228,-0.0017241210747109825
2024-07-09,98259.90493942228,0.058721359273229856
2024-07-10,98660.63493942229,0.004078265700003136
2024-07-11,98740.78093942229,0.0008123402008228808
2024-07-12,96496.69293942228,-0.02272706351569931
2024-07-15,95454.79493942228,-0.010797240488376825
2024-07-16,96416.54693942229,0.010075470809091991
2024-07-17,93771.72893942228,-0.02743116284450353
2024-07-18,92890.12293942229,-0.009401618269932022
2024-07-19,92088.66293942228,-0.008628043269171659
2024-07-22,92489.39293942228,0.00435156714419449
2024-07-23,90004.86693942228,-0.02686282092506853
2024-07-24,89247.55412125928,-0.008414131856588458
2024-07-25,89247.55412125928,0.0
2024-07-26,89247.55412125928,0.0
2024-07-29,89247.55412125928,0.0
2024-07-30,89247.55412125928,0.0
2024-07-31,89247.55412125928,0.0
2024-08-01,89247.55412125928,0.0
2024-08-02,89247.55412125928,0.0
2024-08-05,89247.55412125928,0.0
2024-08-06,89247.55412125928,0.0
2024-08-07,89247.55412125928,0.0
2024-08-08,89247.55412125928,0.0
2024-08-09,89247.55412125928,0.0
2024-08-12,89247.55412125928,0.0
2024-08-13,89247.55412125928,0.0
2024-08-14,89247.55412125928,0.0
2024-08-15,89247.55412125928,0.0
2024-08-16,89247.55412125928,0.0
2024-08-19,89247.55412125928,0.0
2024-08-20,89247.55412125928,0.0
2024-08-21,89247.55412125928,0.0
2024-08-22,89247.55412125928,0.0
2024-08-23,89247.55412125928,0.0
2024-08-26,89247.55412125928,0.0
2024-08-27,89247.55412125928,0.0
2024-08-28,89247.55412125928,0.0
2024-08-29,89247.55412125928,0.0
2024-08-30,89247.55412125928,0.0
2024-09-02,89247.55412125928,0.0
2024-09-03,89247.55412125928,0.0
2024-09-04,89247.55412125928,0.0
2024-09-05,89247.55412125928,0.0
2024-09-06,89247.55412125928,0.0
2024-09-09,89247.55412125928,0.0
2024-09-10,89247.55412125928,0.0
2024-09-11,89247.55412125928,0.0
2024-09-12,89247.55412125928,0.0
2024-09-13,89247.55412125928,0.0
2024-09-18,89247.55412125928,0.0
2024-09-19,89247.55412125928,0.0
2024-09-20,89247.55412125928,0.0
2024-09-23,89247.55412125928,0.0
2024-09-24,89131.6573004097,-0.00129859940690491
2024-09-25,89214.03330040969,0.0009242058601284242
2024-09-26,92344.32130040969,0.035087394709074626
2024-09-27,97122.1293004097,0.051739055880405393
2024-09-30,106842.49730040968,0.10008396716605938
2024-10-08,117551.3773004097,0.10023052877442384
2024-10-09,112608.81730040969,-0.042045955679183566
2024-10-10,110961.29730040969,-0.01463047068157075
2024-10-11,106842.49730040968,-0.03711924878499773
2024-10-14,109643.28130040968,0.02621413829484931
2024-10-15,107172.00130040968,-0.02253927436947989
2024-10-16,104124.08930040969,-0.028439442793052994
2024-10-17,104947.8493004097,0.007911329698388814
2024-10-18,113267.82530040969,0.0792772415581795
2024-10-21,114421.08930040969,0.010181743994301051
2024-10-22,114997.72130040968,0.005039560482474226
2024-10-23,113185.4493004097,-0.015759199221572096
2024-10-24,114832.96930040968,0.01455593462042315
2024-10-25,116150.98530040968,0.01147767934618149
2024-10-28,115574.3533004097,-0.00496450373200541
2024-10-29,114338.71330040968,-0.010691299278034805
2024-10-30,114750.59330040969,0.0036022794739507535
2024-10-31,115574.3533004097,0.007178699266882749
2024-11-01,111867.4333004097,-0.03207389783410419
2024-11-04,114338.71330040968,0.022091147772771214
2024-11-05,117880.88130040969,0.03097960347597617
2024-11-06,116645.24130040969,-0.010482106906302024
2024-11-07,118787.01730040969,0.01836145200715089
2024-11-08,120516.9133004097,0.014563005615547464
2024-11-11,124635.71330040968,0.03417611592601233
2024-11-12,122411.5613004097,-0.017845222216838486
2024-11-13,124718.08930040969,0.018842403246042583
2024-11-14,119116.52130040969,-0.044913837530876966
2024-11-15,114585.8413004097,-0.03803569773980975
2024-11-18,111537.9293004097,-0.02659937707320481
2024-11-19,114256.3373004097,0.024372050091394426
2024-11-20,115986.23330040969,0.01514048183998451
2024-11-21,114585.8413004097,-0.012073777724748713
2024-11-22,110631.79330040968,-0.03450729998686031
2024-11-25,107855.40028209049,-0.02509579692683983
2024-11-26,107855.40028209049,0.0
2024-11-27,107855.40028209049,0.0
2024-11-28,107855.40028209049,0.0
2024-11-29,107855.40028209049,0.0
2024-12-02,107855.40028209049,0.0
2024-12-03,107855.40028209049,0.0
2024-12-04,107855.40028209049,0.0
2024-12-05,107855.40028209049,0.0
2024-12-06,107855.40028209049,0.0
2024-12-09,107855.40028209049,0.0
2024-12-10,107855.40028209049,0.0
2024-12-11,107855.40028209049,0.0
2024-12-12,107855.40028209049,0.0
2024-12-13,107855.40028209049,0.0
2024-12-16,107855.40028209049,0.0
2024-12-17,107855.40028209049,0.0
2024-12-18,107855.40028209049,0.0
2024-12-19,107855.40028209049,0.0
2024-12-20,107855.40028209049,0.0
2024-12-23,107855.40028209049,0.0
2024-12-24,107855.40028209049,0.0
2024-12-25,107855.40028209049,0.0
2024-12-26,107715.33862362649,-0.001298605893610083
2024-12-27,105643.8986236265,-0.01923068735120359
2024-12-30,104090.3186236265,-0.014705818511439817
2024-12-31,100909.1786236265,-0.030561343668304874
2025-01-02,97527.1382397065,-0.0335156863830437
2025-01-03,97527.1382397065,0.0
2025-01-06,97527.1382397065,0.0
2025-01-07,97527.1382397065,0.0
2025-01-08,97527.1382397065,0.0
2025-01-09,97527.1382397065,0.0
2025-01-10,97527.1382397065,0.0
2025-01-13,97527.1382397065,0.0
2025-01-14,97527.1382397065,0.0
2025-01-15,97527.1382397065,0.0
2025-01-16,97527.1382397065,0.0
2025-01-17,97527.1382397065,0.0
2025-01-20,97527.1382397065,0.0
2025-01-21,97527.1382397065,0.0
2025-01-22,97527.1382397065,0.0
2025-01-23,97527.1382397065,0.0
2025-01-24,97527.1382397065,0.0
2025-01-27,97527.1382397065,0.0
2025-02-05,97527.1382397065,0.0
2025-02-06,97527.1382397065,0.0
2025-02-07,97527.1382397065,0.0
2025-02-10,97527.1382397065,0.0
2025-02-11,97527.1382397065,0.0
2025-02-12,97527.1382397065,0.0
2025-02-13,97527.1382397065,0.0
2025-02-14,97527.1382397065,0.0
2025-02-17,97527.1382397065,0.0
2025-02-18,97527.1382397065,0.0
2025-02-19,97527.1382397065,0.0
2025-02-20,97527.1382397065,0.0
2025-02-21,97400.48990000962,-0.0012985958778529705
2025-02-24,96539.72090000962,-0.008837419615483011
2025-02-25,94884.39590000962,-0.0171465691486149
2025-02-26,95546.52590000961,0.006978281241288187
2025-02-27,92699.36690000961,-0.02979866586650759
2025-02-28,87817.74715606883,-0.05266076681199294
2025-03-03,87817.74715606883,0.0
2025-03-04,87817.74715606883,0.0
2025-03-05,87817.74715606883,0.0
2025-03-06,87817.74715606883,0.0
2025-03-07,87817.74715606883,0.0
2025-03-10,87817.74715606883,0.0
2025-03-11,87817.74715606883,0.0
2025-03-12,87817.74715606883,0.0
2025-03-13,87817.74715606883,0.0
2025-03-14,87817.74715606883,0.0
2025-03-17,87817.74715606883,0.0
2025-03-18,87817.74715606883,0.0
2025-03-19,87817.74715606883,0.0
2025-03-20,87817.74715606883,0.0
2025-03-21,87817.74715606883,0.0
2025-03-24,87817.74715606883,0.0
2025-03-25,87817.74715606883,0.0
2025-03-26,87817.74715606883,0.0
2025-03-27,87817.74715606883,0.0
2025-03-28,87817.74715606883,0.0
2025-03-31,87817.74715606883,0.0
2025-04-01,87817.74715606883,0.0
2025-04-02,87817.74715606883,0.0
2025-04-03,87817.74715606883,0.0
2025-04-07,87817.74715606883,0.0
2025-04-08,87817.74715606883,0.0
2025-04-09,87817.74715606883,0.0
2025-04-10,87817.74715606883,0.0
2025-04-11,87817.74715606883,0.0
2025-04-14,87817.74715606883,0.0
2025-04-15,87817.74715606883,0.0
2025-04-16,87817.74715606883,0.0
2025-04-17,87817.74715606883,0.0
2025-04-18,87817.74715606883,0.0
2025-04-21,87817.74715606883,0.0
2025-04-22,87817.74715606883,0.0
2025-04-23,87817.74715606883,0.0
2025-04-24,87817.74715606883,0.0
2025-04-25,87817.74715606883,0.0
2025-04-28,87817.74715606883,0.0
2025-04-29,87817.74715606883,0.0
2025-04-30,87817.74715606883,0.0
2025-05-06,87817.74715606883,0.0
2025-05-07,87817.74715606883,0.0
2025-05-08,87703.70761872423,-0.0012985932916489418
2025-05-09,86513.80961872425,-0.013567248549774535
2025-05-12,88543.63561872423,0.02346245078035114
2025-05-13,87983.68361872424,-0.006324023133759571
2025-05-14,88613.62961872424,0.007159804796646796
2025-05-15,86233.83361872424,-0.026855868676630146
2025-05-16,86863.77961872425,0.0073050909783887175
2025-05-19,86513.80961872425,-0.004028952015859066
2025-05-20,86863.77961872425,0.004045250134543377
2025-05-21,86443.81561872426,-0.004834742419030813
2025-05-22,86163.83961872425,-0.003238820475427562
2025-05-23,84583.89046454626,-0.01833656857875965
2025-05-26,84583.89046454626,0.0
2025-05-27,84583.89046454626,0.0
2025-05-28,84583.89046454626,0.0
2025-05-29,84583.89046454626,0.0
2025-05-30,84583.89046454626,0.0
2025-06-03,84583.89046454626,0.0
2025-06-04,84583.89046454626,0.0
2025-06-05,84474.04985856226,-0.0012985995959838847
2025-06-06,85060.66985856225,0.006944381155895796
2025-06-09,86559.80985856226,0.01762436155855296
2025-06-10,85321.38985856225,-0.01430710166789384
2025-06-11,85191.02985856225,-0.001527870094663264
2025-06-12,86950.88985856227,0.02065780872612777
2025-06-13,86168.72985856226,-0.008995422603176317
2025-06-16,88189.30985856225,0.023449109709712257
2025-06-17,87602.68985856225,-0.006651826632284696
2025-06-18,89427.72985856226,0.020833150248543708
2025-06-19,88841.10985856225,-0.006559710292632914
2025-06-20,87472.32985856227,-0.015407056509977424
2025-06-23,87211.60985856227,-0.0029805996984597627
2025-06-24,88450.02985856225,0.014200173600836141
2025-06-25,89753.62985856226,0.014738265233879
2025-06-26,90470.60985856225,0.00798831201735073
2025-06-27,92751.90985856226,0.025215923752105684
2025-06-30,94772.48985856226,0.021784780529923164
2025-07-01,94511.76985856226,-0.0027510092896060323
2025-07-02,92295.64985856225,-0.02344808486092742
2025-07-03,94772.48985856226,0.026835934345720736
2025-07-04,93468.88985856225,-0.013755046448030273
2025-07-07,92556.36985856225,-0.009762820563942065
2025-07-08,96858.24985856225,0.046478486640885164
2025-07-09,96988.60985856225,0.00134588432260907
2025-07-10,97053.78985856226,0.0006720376763318381
2025-07-11,96532.34985856226,-0.005372690760040433
2025-07-14,96662.70985856226,0.0013504281227070258
2025-07-15,102594.08985856226,0.06136161513244209
2025-07-16,102268.18985856225,-0.003176596239113816
2025-07-17,106244.16985856225,0.03887797374236124
2025-07-18,106048.62985856226,-0.00184047746111915
2025-07-21,106439.70985856226,0.003687742128508198
2025-07-22,105918.26985856226,-0.004898923537962396
2025-07-23,105657.54985856226,-0.002461520570041009
2025-07-24,106244.16985856225,0.005552087861068866
2025-07-25,106309.34985856226,0.0006134924870397906
2025-07-28,108460.28985856225,0.0202328393773612
2025-07-29,113022.88985856225,0.042067009095678065
2025-07-30,113413.96985856225,0.003460184043156289
2025-07-31,114065.76985856226,0.005747087425057584
2025-08-01,112305.90985856226,-0.015428467297263437
2025-08-04,113022.88985856225,0.006384169817091223
2025-08-05,115043.46985856225,0.017877617556307124
2025-08-06,115239.00985856226,0.0016997053395590989
2025-08-07,114847.92985856226,-0.0033936424868626913
2025-08-08,114978.28985856226,0.0011350661710711751
2025-08-11,117389.94985856225,0.020974916246942144
2025-08-12,121300.74985856225,0.03331460661421137
2025-08-13,129122.34985856226,0.06448105233578572
2025-08-14,125798.16985856225,-0.02574441995240362
2025-08-15,127036.58985856226,0.009844499338840906
2025-08-18,132446.52985856228,0.042585683432019295
2025-08-19,137791.28985856223,0.04035409614512009
2025-08-20,138182.36985856225,0.002838205523741255
2025-08-21,136748.40985856223,-0.010377300674954126
2025-08-22,142093.1698585623,0.03908462266967572
2025-08-25,151674.62985856226,0.06743082731940753
2025-08-26,148480.80985856225,-0.021057048255059274
2025-08-27,152326.42985856225,0.02589977791516085
2025-08-28,166535.6698585623,0.09328151400379814
2025-08-29,166405.30985856225,-0.0007827752463527293
2025-09-01,176247.48985856224,0.05914582899046583
2025-09-02,166079.40985856229,-0.057692055689189115
2025-09-03,169468.76985856227,0.020408068663577694
2025-09-04,153630.02985856228,-0.0934611138867587
2025-09-05,164124.00985856226,0.06830682783607567
2025-09-08,156041.68985856225,-0.049245201887067824
2025-09-09,152913.04985856224,-0.020050026392535503
2025-09-10,159822.12985856226,0.04518306322704713
2025-09-11,175791.22985856223,0.09991795262728731
2025-09-12,170967.90985856229,-0.027437773794976472
2025-09-15,167969.62985856226,-0.017537092209177985
2025-09-16,169208.04985856224,0.0073728804489405775
2025-09-17,169794.66985856224,0.003466856337451585
2025-09-18,173053.66985856224,0.019193770939421873
2025-09-19,174748.3498585623,0.009792800126025236
2025-09-22,176768.92985856225,0.011562798742508207
2025-09-23,178202.88985856227,0.00811205906573842
2025-09-24,177029.64985856228,-0.00658373161586312
2025-09-25,181135.98985856224,0.023195775415478348
2025-09-26,175660.86985856225,-0.0302265717833059
2025-09-29,178072.52985856228,0.013729067845000609
2025-09-30,174422.44985856226,-0.02049771518885679
2025-10-09,175986.76985856227,0.008968570280193378
2025-10-10,172336.68985856225,-0.020740650009847483
2025-10-13,169183.41701340827,-0.018297164972484348
2025-10-14,169183.41701340827,0.0
2025-10-15,169183.41701340827,0.0
2025-10-16,169183.41701340827,0.0
2025-10-17,169183.41701340827,0.0
2025-10-20,169183.41701340827,0.0
2025-10-21,169183.41701340827,0.0
2025-10-22,169183.41701340827,0.0
2025-10-23,169183.41701340827,0.0
2025-10-24,169183.41701340827,0.0
2025-10-27,168963.71476388662,-0.0012986039258460202
2025-10-28,169137.7237638866,0.0010298601699374466
2025-10-29,172327.8887638866,0.018861345233978755
2025-10-30,166411.58276388663,-0.03433168039391554
2025-10-31,157653.12976388662,-0.05263127033907822
2025-11-03,158871.19276388662,0.00772622149540747
2025-11-04,156899.0907638866,-0.01241321328109457
2025-11-05,156145.05176388661,-0.004805885084029682
2025-11-06,160205.2617638866,0.02600280927339016
2025-11-07,158291.16276388662,-0.011947791095782034
2025-11-10,156725.0817638866,-0.009893672979937818
2025-11-11,151852.8297638866,-0.031087889348434206
2025-11-12,153418.9107638866,0.01031314992572141
2025-11-13,152316.8537638866,-0.007183319152200718
2025-11-14,147195.04166967352,-0.03362603656554419
2025-11-17,147195.04166967352,0.0
2025-11-18,147195.04166967352,0.0
2025-11-19,147195.04166967352,0.0
2025-11-20,147195.04166967352,0.0
2025-11-21,147195.04166967352,0.0
2025-11-24,147195.04166967352,0.0
2025-11-25,147195.04166967352,0.0
2025-11-26,147195.04166967352,0.0
2025-11-27,147195.04166967352,0.0
2025-11-28,147195.04166967352,0.0
2025-12-01,147195.04166967352,0.0
2025-12-02,147195.04166967352,0.0
2025-12-03,147195.04166967352,0.0
2025-12-04,147195.04166967352,0.0
2025-12-05,147195.04166967352,0.0
2025-12-08,147003.89374159032,-0.001298603036589796
2025-12-09,151552.43774159034,0.030941656606699564
2025-12-10,152902.00574159034,0.008904957387100065
2025-12-11,146903.92574159033,-0.039228262382227874
2025-12-12,148753.33374159032,0.012589234703320074
2025-12-15,145154.48574159032,-0.024193393919169637
2025-12-16,141255.73374159035,-0.026859328391274695
2025-12-17,149103.22174159033,0.05555518202436982
2025-12-18,146154.16574159032,-0.01977862024410848
2025-12-19,147103.86174159034,0.0064979057913350236
2025-12-22,154051.63774159033,0.047230412021438184
2025-12-23,153651.76574159032,-0.00259570106402085
2025-12-24,156700.78974159033,0.019843729001642663
2025-12-25,156950.70974159034,0.0015948866652946148
2025-12-26,155151.28574159034,-0.011464898775944588
2025-12-29,155601.14174159034,0.0028994667872057622
2025-12-30,155701.10974159034,0.000642463152140671
2025-12-31,153951.66974159033,-0.011235886519392557
2026-01-05,157100.66174159033,0.02045441926862912
2026-01-06,156550.83774159034,-0.0034998197582667423
2026-01-07,157850.42174159034,0.008301354491281332
2026-01-08,156350.90174159035,-0.009499626186965648
2026-01-09,157150.64574159033,0.005115058442846543
2026-01-12,161899.12574159034,0.030216102374839293
2026-01-13,155901.04574159035,-0.03704825441474968
2026-01-14,158750.13374159034,0.018274976838336343
2026-01-15,159549.87774159035,0.005037753236175613
2026-01-16,160449.58974159032,0.005639064176891084
2026-01-19,157750.45374159035,-0.01682233033033631
2026-01-20,152603.4421675167,-0.032627554799334546
2026-01-21,152603.4421675167,0.0
2026-01-22,152603.4421675167,0.0
2026-01-23,152603.4421675167,0.0
2026-01-26,152603.4421675167,0.0
2026-01-27,152603.4421675167,0.0
2026-01-28,152603.4421675167,0.0
2026-01-29,152603.4421675167,0.0
2026-01-30,152405.27328518714,-0.0012985872370561147
2026-02-02,147233.56128518714,-0.033933943941181544
2026-02-03,50442.92699050554,-0.657395185240415
2026-02-04,50442.92699050554,0.0
2026-02-05,50442.92699050554,0.0
2026-02-06,50442.92699050554,0.0
2026-02-09,50442.92699050554,0.0
2026-02-10,50442.92699050554,0.0
2026-02-11,50442.92699050554,0.0
2026-02-12,50442.92699050554,0.0
2026-02-13,50442.92699050554,0.0
2026-02-24,50442.92699050554,0.0
2026-02-25,50442.92699050554,0.0
2026-02-26,50442.92699050554,0.0
2026-02-27,50442.92699050554,0.0
2026-03-02,50442.92699050554,0.0
2026-03-03,50442.92699050554,0.0
2026-03-04,50442.92699050554,0.0
2026-03-05,50442.92699050554,0.0
2026-03-06,50442.92699050554,0.0
2026-03-09,50442.92699050554,0.0
2026-03-10,50442.92699050554,0.0
2026-03-11,50442.92699050554,0.0
2026-03-12,50442.92699050554,0.0
2026-03-13,50442.92699050554,0.0
2026-03-16,50442.92699050554,0.0
2026-03-17,50442.92699050554,0.0
2026-03-18,50442.92699050554,0.0
2026-03-19,50442.92699050554,0.0
2026-03-20,50442.92699050554,0.0
2026-03-23,50442.92699050554,0.0
2026-03-24,50442.92699050554,0.0
2026-03-25,50442.92699050554,0.0
2026-03-26,50442.92699050554,0.0
2026-03-27,50442.92699050554,0.0
2026-03-30,50442.92699050554,0.0
2026-03-31,50442.92699050554,0.0
2026-04-01,50442.92699050554,0.0
2026-04-02,50442.92699050554,0.0
2026-04-03,50442.92699050554,0.0
2026-04-07,50442.92699050554,0.0
2026-04-08,50377.42214669074,-0.001298593236414125
2026-04-09,50545.90614669074,0.00334443472532997
2026-04-10,51472.56814669074,0.018333077209274018
2026-04-13,51219.84214669074,-0.004909916273844406
2026-04-14,52188.62514669074,0.0189142129182176
2026-04-15,51388.326146690735,-0.015334740046332729
2026-04-16,53241.65014669074,0.03606507817961613
2026-04-17,55853.15214669074,0.0490499823503745
2026-04-20,56527.088146690745,0.012066212453506697
2026-04-21,56358.60414669074,-0.002980588696923081
2026-04-22,59517.67914669074,0.056053109331407835
2026-04-23,58801.62214669074,-0.012030996676385297
2026-04-24,56400.72514669074,-0.04083045522129558
2026-04-27,57074.66114669074,0.011949066226492278
2026-04-28,55895.273146690735,-0.020663950977629075
2026-04-29,55937.39414669074,0.0007535699823750797
2026-04-30,55642.54714669074,-0.005271017795837829
2026-05-06,56948.298146690744,0.0234667725860509
2026-05-07,59559.80014669074,0.04585741953645628
2026-05-08,60233.73614669074,0.011315283099341489
2026-05-11,62466.14914669075,0.03706250255775734
2026-05-12,63224.32714669073,0.01213742179335453
2026-05-13,65583.10314669073,0.03730804433121526
2026-05-14,65035.53014669074,-0.008349299952690958
2026-05-15,63182.20614669074,-0.028497099905539947
2026-05-18,63898.26314669073,0.011333206667990092
2026-05-19,63645.53714669074,-0.003955130977814081
2026-05-20,63898.26314669073,0.0039708361548982385
2026-05-21,60654.94614669074,-0.050757514215282185
2026-05-22,63392.811146690736,0.04513836338059907
2026-05-25,65793.70814669074,0.037873332268612225
2026-05-26,65204.014146690744,-0.008962771921674384
2026-05-27,64824.92514669074,-0.005813890524395626
2026-05-28,68194.60514669074,0.051981240122913164
2026-05-29,66973.09614669075,-0.017912106058425747
2026-06-01,64530.07814669074,-0.03647760280708956
2026-06-02,68868.54114669075,0.06723164026142592
2026-06-03,72280.34214669073,0.049540776429876754
2026-06-04,71943.37414669074,-0.004661959116299297
2026-06-05,70047.92914669073,-0.026346345615306355
2026-06-08,67436.42714669075,-0.037281644608381015
2026-06-09,71395.80114669073,0.05871268938058316
2026-06-10,68657.93614669074,-0.0383477033106574
2026-06-11,67520.66914669075,-0.01656424681292734
2026-06-12,66720.37014669075,-0.011852652085857174
2026-06-15,71143.07514669074,0.06628717721853561
2026-06-16,72827.91514669074,0.023682417389549126
2026-06-17,74049.42414669073,0.01677253835345427
2026-06-18,76745.16814669073,0.0364046585245521
2026-06-22,78303.64514669075,0.020307167703654594
2026-06-23,75565.78014669075,-0.03496471964837644
2026-06-24,76955.77314669074,0.01839447693521712
2026-06-25,79314.54914669073,0.030651059739257747
2026-06-26,74007.30314669074,-0.06691390239367478
2026-06-29,72238.22114669075,-0.023904154384513654
2026-06-30,75650.02214669075,0.04722985901150345
2026-07-01,72364.58414669073,-0.04342943870696203
2026-07-02,66297.12455669953,-0.0838457052097723
2026-07-03,66297.12455669953,0.0
2026-07-06,66297.12455669953,0.0
2026-07-07,66297.12455669953,0.0
2026-07-08,66297.12455669953,0.0
2026-07-09,66297.12455669953,0.0
2026-07-10,66297.12455669953,0.0
