date,open,high,low,close,volume,amount,upper_channel,lower_channel,atr,signal,position,buy_signal,sell_signal
2023-07-03,25.4,25.72,23.48,24.37,1556356.02,3812430.137,,,,0,0,,
2023-07-04,24.0,25.3,23.97,24.58,1108526.32,2724852.436,,,,0,0,,
2023-07-05,24.3,24.51,23.61,23.86,959801.13,2300738.699,,,,0,0,,
2023-07-06,23.6,24.75,23.6,23.88,975268.63,2363004.012,,,,0,0,,
2023-07-07,23.8,24.28,22.8,23.66,1051556.37,2467400.528,,,,0,0,,
2023-07-10,24.0,24.06,22.89,23.8,888598.26,2079013.382,,,,0,0,,
2023-07-11,24.0,24.6,23.5,24.24,1187435.82,2860137.756,,,,0,0,,
2023-07-12,24.0,24.0,22.41,22.53,1653803.26,3803466.806,,,,0,0,,
2023-07-13,22.98,24.78,22.77,24.78,1557739.95,3692431.528,,,,0,0,,
2023-07-14,25.71,27.26,25.45,27.26,2081318.73,5474742.072,,22.41,,0,0,,
2023-07-17,26.89,26.89,25.62,26.11,1749724.77,4581994.468,,22.41,,0,0,,
2023-07-18,26.08,26.65,25.07,25.53,1566160.93,4030402.671,,22.41,,0,0,,
2023-07-19,25.92,26.42,24.74,25.09,1270261.68,3213940.576,,22.41,,0,0,,
2023-07-20,24.9,24.95,22.8,23.25,2028229.69,4796612.587,,22.41,1.6564285714285714,0,0,,
2023-07-21,23.04,23.54,22.6,23.04,1326289.76,3060013.607,,22.41,1.5635714285714284,0,0,,
2023-07-24,22.79,24.53,22.79,23.66,1456210.5,3464207.392,,22.41,1.5928571428571427,0,0,,
2023-07-25,24.05,24.68,23.1,24.0,1619429.14,3883664.355,,22.41,1.6364285714285711,0,0,,
2023-07-26,23.5,24.18,22.21,23.25,1612810.64,3743366.428,,22.21,1.6949999999999998,0,0,,
2023-07-27,23.13,23.29,22.33,22.68,1422649.34,3233438.185,,22.21,1.6578571428571427,0,0,,
2023-07-28,22.3,22.62,21.68,22.26,1182658.78,2619015.858,27.26,21.68,1.6457142857142857,0,0,,
2023-07-31,22.25,23.1,21.81,22.33,1410990.61,3180890.47,27.26,21.68,1.6592857142857143,0,0,,
2023-08-01,22.2,23.15,21.53,22.67,1630854.67,3655613.866,27.26,21.53,1.6442857142857144,0,0,,
2023-08-02,22.25,22.86,22.11,22.32,835973.96,1873700.193,27.26,21.53,1.5371428571428571,0,0,,
2023-08-03,21.86,22.85,21.65,22.5,1184953.48,2640203.325,27.26,21.53,1.445714285714286,0,0,,
2023-08-04,22.1,24.03,21.92,23.77,1868328.51,4306607.786,27.26,21.53,1.4792857142857143,0,0,,
2023-08-07,23.7,26.0,23.6,24.98,2299515.59,5689145.334,27.26,21.53,1.537857142857143,0,0,,
2023-08-08,24.6,24.92,23.87,24.18,1315251.66,3206501.097,27.26,21.53,1.4971428571428569,0,0,,
2023-08-09,23.3,23.73,22.25,22.25,2184953.33,4991039.039,27.26,21.53,1.4714285714285713,0,0,,
2023-08-10,21.99,22.0,20.93,21.5,2383605.05,5102779.608,27.26,20.93,1.4985714285714287,-1,0,,21.5
2023-08-11,21.72,22.2,21.38,21.5,1376588.61,2999618.734,26.89,20.93,1.4328571428571428,0,0,,
2023-08-14,21.09,21.61,20.7,21.4,1293395.73,2737037.106,26.65,20.7,1.385,0,0,,
2023-08-15,22.04,22.23,21.21,21.39,1571670.34,3425023.036,26.42,20.7,1.3171428571428572,0,0,,
2023-08-16,21.0,21.4,20.69,20.89,1201353.05,2520208.813,26.0,20.69,1.2992857142857142,0,0,,
2023-08-17,20.33,21.17,19.93,20.91,1347608.3,2786935.601,26.0,19.93,1.3164285714285715,0,0,,
2023-08-18,20.89,21.04,20.06,20.1,1020524.91,2084409.527,26.0,19.93,1.294285714285714,0,0,,
2023-08-21,20.15,20.89,19.86,20.41,918720.37,1880744.006,26.0,19.86,1.2521428571428572,0,0,,
2023-08-22,21.2,22.45,20.73,22.45,1997065.51,4278439.693,26.0,19.86,1.3442857142857143,0,0,,
2023-08-23,22.17,22.22,21.06,21.34,1377277.26,2962775.19,26.0,19.86,1.3578571428571427,0,0,,
2023-08-24,22.5,23.3,21.9,22.43,2016512.08,4539145.812,26.0,19.86,1.3471428571428572,0,0,,
2023-08-25,21.2,21.47,20.19,20.32,1951190.71,4038616.221,26.0,19.86,1.3357142857142856,0,0,,
2023-08-28,21.43,21.43,20.21,20.68,1375393.91,2867096.461,26.0,19.86,1.3435714285714284,0,0,,
2023-08-29,20.55,22.14,20.28,21.59,1727641.17,3678743.676,26.0,19.86,1.3385714285714285,0,0,,
2023-08-30,21.89,22.47,21.57,21.8,1336895.24,2931335.704,26.0,19.86,1.3085714285714283,0,0,,
2023-08-31,21.56,22.23,21.33,21.91,1170774.89,2561965.498,26.0,19.86,1.3142857142857143,0,0,,
2023-09-01,21.79,21.99,20.9,21.25,940264.14,2005854.005,26.0,19.86,1.327142857142857,0,0,,
2023-09-04,21.4,21.45,20.66,20.99,960342.66,2006222.555,24.92,20.19,1.3107142857142855,0,0,,
2023-09-05,20.77,20.79,20.19,20.31,993308.96,2023636.694,23.73,20.19,1.317142857142857,0,0,,
2023-09-06,20.08,20.27,19.54,20.22,899082.06,1793430.368,23.3,19.54,1.2835714285714281,0,0,,
2023-09-07,19.98,19.98,19.19,19.2,1279587.56,2491071.475,23.3,19.19,1.2871428571428567,-1,0,,19.2
2023-09-08,19.01,19.22,18.44,19.08,929632.54,1758805.48,23.3,18.44,1.2692857142857135,0,0,,
2023-09-11,19.0,20.07,18.36,19.46,1365924.06,2644631.31,23.3,18.36,1.245714285714285,0,0,,
2023-09-12,19.19,19.65,19.08,19.28,813488.48,1575512.39,23.3,18.36,1.1871428571428564,0,0,,
2023-09-13,19.16,19.26,18.68,18.86,755379.56,1426852.678,23.3,18.36,1.0899999999999994,0,0,,
2023-09-14,18.98,19.16,18.55,18.59,728533.34,1368811.17,23.3,18.36,0.973571428571428,0,0,,
2023-09-15,18.63,18.7,18.03,18.13,958532.47,1754707.907,23.3,18.03,0.9342857142857136,-1,0,,18.13
2023-09-18,18.08,18.8,17.94,18.3,922538.85,1701928.033,23.3,17.94,0.8628571428571422,0,0,,
2023-09-19,18.32,19.0,18.13,18.48,1082722.33,2007364.413,23.3,17.94,0.8607142857142852,0,0,,
2023-09-20,18.49,18.98,18.18,18.4,1047324.24,1951207.19,23.3,17.94,0.853571428571428,0,0,,
2023-09-21,18.26,18.75,18.22,18.31,738200.46,1364353.569,22.47,17.94,0.8135714285714281,0,0,,
2023-09-22,18.3,20.1,18.24,19.94,2128260.7,4131079.561,22.47,17.94,0.8899999999999998,0,0,,
2023-09-25,19.76,20.04,19.23,19.29,1046752.98,2051590.554,22.47,17.94,0.8907142857142857,0,0,,
2023-09-26,19.49,20.39,19.45,19.73,1267771.67,2527443.848,22.47,17.94,0.9142857142857144,0,0,,
2023-09-27,19.6,20.1,19.52,19.8,830304.33,1649178.54,22.23,17.94,0.8821428571428575,0,0,,
2023-09-28,20.03,20.33,19.56,19.7,734827.33,1459736.692,21.99,17.94,0.8814285714285719,0,0,,
2023-10-09,19.47,19.5,18.85,19.26,1051935.97,2010700.007,21.45,17.94,0.8200000000000003,0,0,,
2023-10-10,19.23,19.35,18.61,18.86,800631.39,1514705.079,20.79,18.13,0.8321428571428575,0,0,,
2023-10-11,19.16,19.65,18.85,19.17,902252.88,1735693.09,20.39,18.18,0.8464285714285715,0,0,,
2023-10-12,19.4,19.45,18.67,18.75,821650.69,1548478.801,20.39,18.22,0.8585714285714285,0,0,,
2023-10-13,18.61,18.61,17.81,17.88,1066816.57,1928970.559,20.39,17.81,0.877857142857143,-1,0,,17.88
2023-10-16,17.89,17.89,17.3,17.42,951592.45,1663989.371,20.39,17.3,0.8585714285714288,0,0,,
2023-10-17,17.52,17.58,17.2,17.28,581479.35,1008406.536,20.39,17.2,0.8235714285714286,0,0,,
2023-10-18,16.6,17.13,16.1,16.92,1512937.97,2516260.664,20.39,16.1,0.8507142857142858,0,0,,
2023-10-19,16.58,17.09,16.48,16.53,859458.95,1437089.344,20.39,16.1,0.8564285714285713,0,0,,
2023-10-20,16.56,16.72,16.07,16.17,804678.44,1310063.588,20.39,16.07,0.7699999999999996,0,0,,
2023-10-23,14.55,14.55,14.55,14.55,237865.0,346093.575,20.39,14.55,0.8278571428571426,-1,0,,14.55
2023-10-24,13.31,14.14,13.25,13.76,3189679.34,4364905.17,20.39,13.25,0.8421428571428569,0,0,,
2023-10-25,13.82,13.85,13.47,13.54,1930659.07,2625027.048,20.39,13.25,0.8278571428571423,0,0,,
2023-10-26,13.4,14.02,13.24,13.83,1415804.69,1926808.467,20.39,13.24,0.8285714285714281,0,0,,
2023-10-27,13.83,14.19,13.66,14.07,999904.49,1394536.019,20.39,13.24,0.8057142857142853,0,0,,
2023-10-30,14.07,14.76,13.93,14.6,1208230.83,1739499.854,20.39,13.24,0.8121428571428566,0,0,,
2023-10-31,14.82,15.08,14.53,14.72,1521121.93,2250138.537,20.39,13.24,0.7942857142857139,0,0,,
2023-11-01,14.76,14.95,14.49,14.53,716600.68,1050021.774,20.33,13.24,0.7714285714285712,0,0,,
2023-11-02,14.88,14.99,14.58,14.6,825758.84,1220238.642,20.33,13.24,0.7371428571428569,0,0,,
2023-11-03,14.68,14.92,14.59,14.75,780844.21,1155544.925,19.65,13.24,0.7185714285714283,0,0,,
2023-11-06,14.92,15.06,14.78,14.97,984696.17,1470553.982,19.65,13.24,0.7135714285714284,0,0,,
2023-11-07,14.97,15.62,14.84,15.39,1426711.11,2170167.447,19.65,13.24,0.6849999999999998,0,0,,
2023-11-08,15.35,15.5,15.17,15.3,776356.76,1189968.639,19.45,13.24,0.6649999999999999,0,0,,
2023-11-09,15.5,15.74,15.41,15.59,1180598.4,1836882.23,18.61,13.66,0.65,0,0,,
2023-11-10,15.4,15.79,15.33,15.41,904472.02,1404192.265,17.89,13.93,0.567142857142857,0,0,,
2023-11-13,15.65,16.75,15.65,16.11,1692021.89,2746107.541,17.58,14.49,0.5699999999999997,0,0,,
2023-11-14,16.15,16.83,16.01,16.37,1239230.4,2036744.729,17.13,14.49,0.6014285714285711,0,0,,
2023-11-15,16.48,16.68,16.03,16.41,1100106.37,1796181.525,17.09,14.58,0.5921428571428567,0,0,,
2023-11-16,16.2,16.37,15.91,15.94,825174.51,1330396.756,16.83,14.59,0.5899999999999996,0,0,,
2023-11-17,15.87,16.4,15.87,16.35,919558.75,1491098.997,16.83,14.78,0.5685714285714282,0,0,,
2023-11-20,16.29,16.48,15.9,16.12,794665.38,1281681.74,16.83,14.84,0.5707142857142852,0,0,,
2023-11-21,16.19,16.25,15.93,15.96,647880.5,1042353.837,16.83,15.17,0.5607142857142853,0,0,,
2023-11-22,15.9,15.94,15.54,15.57,668499.28,1051738.983,16.83,15.33,0.5578571428571425,0,0,,
2023-11-23,15.73,15.81,15.38,15.72,625526.29,978521.886,16.83,15.33,0.5649999999999996,0,0,,
2023-11-24,15.8,15.8,15.23,15.4,869337.52,1336550.877,16.83,15.23,0.5835714285714282,0,0,,
2023-11-27,15.1,15.27,14.81,14.89,1514597.58,2266464.637,16.83,14.81,0.5699999999999996,-1,0,,14.89
2023-11-28,14.77,15.19,14.77,15.15,849575.12,1279183.881,16.83,14.77,0.5764285714285711,0,0,,
2023-11-29,15.15,15.19,14.91,14.95,628223.9,943270.478,16.83,14.77,0.5649999999999996,0,0,,
2023-11-30,15.08,15.23,14.74,15.1,948173.83,1422477.453,16.83,14.74,0.5671428571428568,0,0,,
2023-12-01,15.05,15.23,14.86,15.15,772622.02,1165230.211,16.83,14.74,0.49785714285714266,0,0,,
2023-12-04,15.21,15.22,14.77,14.78,733487.87,1096639.726,16.83,14.74,0.47142857142857153,0,0,,
2023-12-05,14.75,14.85,14.11,14.15,769487.24,1109274.939,16.83,14.11,0.4778571428571431,-1,0,,14.15
2023-12-06,14.14,14.41,14.12,14.25,566543.97,808626.857,16.83,14.11,0.46285714285714313,0,0,,
2023-12-07,14.38,14.47,14.14,14.33,567071.69,812267.721,16.83,14.11,0.4485714285714289,0,0,,
2023-12-08,14.36,15.76,14.3,15.76,1492915.34,2266887.919,16.83,14.11,0.5114285714285717,0,0,,
2023-12-11,15.77,15.83,15.19,15.59,1573184.66,2429544.664,16.83,14.11,0.5342857142857146,0,0,,
2023-12-12,15.61,15.77,14.97,15.26,1095769.23,1677111.903,16.68,14.11,0.5614285714285715,0,0,,
2023-12-13,15.26,15.39,15.04,15.08,766462.99,1164312.185,16.48,14.11,0.5557142857142859,0,0,,
2023-12-14,15.18,15.45,15.0,15.0,714418.86,1086318.807,16.48,14.11,0.5471428571428573,0,0,,
2023-12-15,15.1,15.15,14.71,14.78,619912.46,922563.125,16.48,14.11,0.5364285714285716,0,0,,
2023-12-18,14.78,15.33,14.75,15.03,933059.16,1408291.061,16.25,14.11,0.5478571428571429,0,0,,
2023-12-19,14.96,15.21,14.76,15.17,651402.77,978306.779,15.94,14.12,0.5600000000000003,0,0,,
2023-12-20,15.17,15.17,14.51,14.55,744237.94,1093316.142,15.83,14.14,0.5721428571428574,0,0,,
2023-12-21,14.55,14.86,14.45,14.57,659238.69,963005.307,15.83,14.3,0.5750000000000002,0,0,,
2023-12-22,14.51,14.6,14.26,14.32,669029.22,964875.926,15.83,14.26,0.5671428571428573,0,0,,
2023-12-25,14.2,14.63,14.19,14.21,539589.91,776180.341,15.83,14.19,0.5457142857142859,-1,0,,14.21
2023-12-26,14.12,14.27,13.75,13.87,422904.0,588280.158,15.83,13.75,0.5621428571428572,0,0,,
2023-12-27,13.95,14.09,13.83,13.93,506303.66,706127.751,15.83,13.75,0.5571428571428572,0,0,,
2023-12-28,14.19,15.03,14.02,14.8,1042022.94,1522613.513,15.83,13.75,0.5314285714285715,0,0,,
2023-12-29,14.8,15.42,14.72,15.12,896699.26,1358259.324,15.83,13.75,0.5357142857142857,0,0,,
2024-01-02,15.0,15.0,14.03,14.2,1280166.37,1834238.096,15.83,13.75,0.5564285714285715,0,0,,
2024-01-03,14.11,14.24,13.78,13.88,827287.9,1154214.016,15.83,13.75,0.5642857142857143,0,0,,
2024-01-04,13.78,13.87,13.35,13.47,1031539.07,1390232.644,15.83,13.35,0.5700000000000002,-1,0,,13.47
2024-01-05,13.45,13.62,13.2,13.3,633968.97,850023.499,15.83,13.2,0.5685714285714287,0,0,,
2024-01-08,13.24,13.3,13.05,13.08,582859.96,767066.243,15.83,13.05,0.5450000000000002,0,0,,
2024-01-09,13.33,13.58,13.06,13.19,886399.75,1178732.748,15.77,13.05,0.55,0,0,,
2024-01-10,13.08,13.22,12.83,12.91,691549.7,896989.917,15.45,12.83,0.5307142857142858,-1,0,,12.91
2024-01-11,12.96,13.19,12.89,13.15,736632.67,963337.025,15.45,12.83,0.5228571428571429,0,0,,
2024-01-12,13.0,13.11,12.82,12.86,596072.34,771220.392,15.42,12.82,0.5221428571428571,0,0,,
2024-01-15,12.8,12.93,12.63,12.72,595441.06,760055.553,15.42,12.63,0.512142857142857,-1,0,,12.72
2024-01-16,12.64,13.03,12.64,12.91,1022356.91,1311978.067,15.42,12.63,0.5028571428571427,0,0,,
2024-01-17,12.87,13.1,12.68,12.68,765428.27,988768.028,15.42,12.63,0.5142857142857141,0,0,,
2024-01-18,12.68,13.8,12.68,13.71,2220347.35,2966176.138,15.42,12.63,0.5157142857142857,0,0,,
2024-01-19,13.84,14.47,13.72,14.2,1991610.81,2829169.536,15.42,12.63,0.5199999999999999,0,0,,
2024-01-22,14.71,14.94,14.2,14.4,2146068.3,3147146.255,15.42,12.63,0.495,0,0,,
2024-01-23,14.05,14.8,14.02,14.5,1647230.79,2384151.801,15.42,12.63,0.5178571428571429,0,0,,
2024-01-24,14.62,14.76,14.06,14.5,1416357.78,2039889.528,15.42,12.63,0.5299999999999999,0,0,,
2024-01-25,14.45,15.22,14.31,15.08,1654835.18,2470541.712,15.42,12.63,0.5649999999999998,0,0,,
2024-01-26,14.83,14.91,14.27,14.41,1405584.59,2051277.667,15.42,12.63,0.6049999999999999,0,0,,
2024-01-29,14.22,14.41,13.49,13.59,1219277.39,1674421.619,15.22,12.64,0.6335714285714286,0,0,,
2024-01-30,13.55,13.9,13.48,13.5,756191.27,1034328.271,15.22,12.68,0.6357142857142856,0,0,,
2024-01-31,13.3,13.55,13.02,13.31,884639.99,1178654.515,15.22,12.68,0.6521428571428572,0,0,,
2024-02-01,13.13,14.64,12.98,14.56,1798360.47,2561288.968,15.22,12.98,0.7471428571428572,0,0,,
2024-02-02,14.54,14.77,13.55,13.92,1593523.48,2271481.022,15.22,12.98,0.812857142857143,0,0,,
2024-02-05,13.88,15.21,13.81,14.77,2226109.7,3243363.776,15.22,12.98,0.8850000000000001,0,0,,
2024-02-06,14.3,15.89,14.3,15.53,2334671.21,3576843.175,15.89,12.98,0.9685714285714287,1,1,15.53,
2024-02-07,15.27,15.53,15.01,15.3,1737953.34,2648861.173,15.89,12.98,0.9257142857142858,0,1,,
2024-02-08,15.5,16.56,15.2,15.7,1870793.16,2963949.494,16.56,12.98,0.9685714285714286,0,1,,
2024-02-19,16.7,17.27,16.32,17.27,1988385.0,3376731.916,17.27,12.98,1.0278571428571428,1,1,17.27,
2024-02-20,17.9,18.99,17.61,18.49,3053231.62,5554868.237,18.99,12.98,1.095,0,1,,
2024-02-21,17.73,17.86,17.25,17.55,2485908.73,4361411.875,18.99,12.98,1.1335714285714285,0,1,,
2024-02-22,18.25,18.57,17.31,18.19,2593071.14,4644717.973,18.99,12.98,1.1585714285714286,0,1,,
2024-02-23,18.82,18.95,18.06,18.17,2237458.78,4126150.026,18.99,13.55,1.1642857142857141,0,1,,
2024-02-26,17.6,18.01,17.51,17.67,1767651.15,3139609.159,18.99,13.81,1.1457142857142857,0,1,,
2024-02-27,17.59,19.44,17.39,19.33,2863759.68,5308530.292,19.44,14.3,1.2621428571428572,1,1,19.33,
2024-02-28,19.05,19.29,18.2,18.2,2194145.06,4136701.239,19.44,15.01,1.3049999999999997,0,1,,
2024-02-29,18.16,19.06,18.08,18.69,1824979.75,3398084.193,19.44,15.2,1.2564285714285712,0,1,,
2024-03-01,19.05,20.46,19.05,20.02,2481166.2,4892950.969,20.46,16.32,1.2957142857142858,1,1,20.02,
2024-03-04,20.8,22.02,20.44,22.02,2681951.45,5710595.359,22.02,17.25,1.3385714285714287,0,1,,
2024-03-05,21.7,24.18,21.53,22.75,3097570.66,7050812.139,24.18,17.25,1.4142857142857141,0,1,,
2024-03-06,22.07,22.55,21.7,22.01,2302576.87,5085112.589,24.18,17.31,1.452142857142857,0,1,,
2024-03-07,22.47,23.21,21.86,22.61,2702906.78,6085421.452,24.18,17.39,1.4514285714285715,0,1,,
2024-03-08,23.1,24.87,22.66,24.87,2857208.42,6824257.68,24.87,17.39,1.5007142857142861,1,1,24.87,
2024-03-11,23.68,26.75,23.4,25.82,3359709.86,8195001.191,26.75,17.39,1.6171428571428577,0,1,,
2024-03-12,25.26,25.48,24.07,24.8,3125176.53,7726114.946,26.75,18.08,1.653571428571429,0,1,,
2024-03-13,25.54,26.98,24.09,24.35,4920399.64,12619421.139,26.98,18.08,1.7700000000000007,0,1,,
2024-03-14,22.77,23.27,21.99,22.85,5506131.86,12448108.454,26.98,19.05,1.8750000000000004,0,1,,
2024-03-15,22.49,23.28,22.46,23.08,3583235.53,8214079.652,26.98,20.44,1.8864285714285718,0,1,,
2024-03-18,23.45,25.3,23.36,25.01,4248135.9,10433641.458,26.98,21.53,1.8985714285714295,0,1,,
2024-03-19,24.4,26.11,24.13,25.51,3791375.1,9516654.769,26.98,21.7,1.9592857142857147,0,1,,
2024-03-20,25.3,25.83,24.57,25.08,2989026.28,7531928.513,26.98,21.86,1.9792857142857148,0,1,,
2024-03-21,25.08,25.8,24.74,24.99,2697025.91,6810420.622,26.98,21.99,1.928571428571429,0,1,,
2024-03-22,24.82,25.35,24.11,24.43,2603640.04,6429464.24,26.98,21.99,1.874285714285715,0,1,,
2024-03-25,24.85,25.0,23.87,23.91,2339728.26,5719688.823,26.98,21.99,1.7657142857142867,0,1,,
2024-03-26,24.0,24.3,23.0,23.73,2463438.59,5848714.351,26.98,21.99,1.7835714285714295,0,1,,
2024-03-27,23.37,23.67,22.36,22.41,2376320.35,5453341.226,26.98,21.99,1.7850000000000013,0,1,,
2024-03-28,22.42,24.11,22.42,23.45,2756410.78,6411695.654,26.98,22.36,1.7450000000000006,0,1,,
2024-03-29,23.14,23.18,22.33,22.77,1693522.75,3846707.807,26.98,22.33,1.5857142857142865,0,1,,
2024-04-01,22.9,23.5,22.58,23.31,1699460.05,3938504.686,26.98,22.33,1.5264285714285724,0,1,,
2024-04-02,23.24,23.68,22.72,22.9,1538554.03,3555487.009,26.98,22.33,1.3885714285714295,0,1,,
2024-04-03,22.7,22.74,21.74,21.92,1768837.11,3905145.59,26.98,21.74,1.3028571428571436,-1,0,,21.92
2024-04-08,21.7,22.39,21.58,22.0,1223887.63,2705714.76,26.98,21.58,1.302142857142858,0,0,,
2024-04-09,22.15,22.16,21.3,21.89,1372387.81,2976232.278,26.98,21.3,1.2050000000000003,0,0,,
2024-04-10,21.69,21.87,20.93,21.1,1236589.36,2620631.468,26.98,20.93,1.1321428571428578,-1,0,,21.1
2024-04-11,21.23,21.65,21.1,21.25,1355528.14,2899217.552,26.98,20.93,1.081428571428572,0,0,,
2024-04-12,21.8,22.92,21.71,22.26,2543957.86,5686706.943,26.11,20.93,1.1250000000000004,0,0,,
2024-04-15,21.88,22.55,21.7,22.24,1492917.15,3313784.495,26.11,20.93,1.0971428571428576,0,0,,
2024-04-16,21.53,22.37,21.4,21.81,1243880.81,2714956.237,26.11,20.93,1.0857142857142865,0,0,,
2024-04-17,22.5,22.86,21.74,22.5,2048865.15,4573338.864,26.11,20.93,1.0728571428571436,0,0,,
2024-04-18,21.86,23.49,21.32,22.9,2326483.9,5211279.395,25.83,20.93,1.1300000000000006,0,0,,
2024-04-19,22.41,22.5,21.44,22.05,1885986.19,4146330.681,25.8,20.93,1.1128571428571432,0,0,,
2024-04-22,20.38,21.1,19.95,20.84,1723169.91,3546511.611,25.35,19.95,1.1828571428571433,-1,0,,20.84
2024-04-23,21.05,21.19,20.36,20.59,1040597.77,2158505.427,25.0,19.95,1.1764285714285718,0,0,,
2024-04-24,21.02,22.59,20.92,22.24,2237521.08,4867851.884,24.3,19.95,1.2507142857142861,0,0,,
2024-04-25,21.66,22.49,21.56,22.19,1199373.17,2644030.377,24.11,19.95,1.2342857142857147,0,0,,
2024-04-26,23.22,24.41,23.2,24.41,3527523.82,8519029.87,24.41,19.95,1.3350000000000002,1,1,24.41,
2024-04-29,24.76,24.76,24.17,24.52,2566888.98,6273636.106,24.76,19.95,1.3157142857142858,0,1,,
2024-04-30,25.3,25.3,24.45,24.5,2305375.44,5712943.191,25.3,19.95,1.307857142857143,0,1,,
2024-05-06,25.0,25.3,24.4,24.82,1715147.99,4260075.771,25.3,19.95,1.3328571428571434,0,1,,
2024-05-07,25.2,25.99,24.67,25.38,2409142.42,6122501.658,25.99,19.95,1.307857142857143,1,1,25.38,
2024-05-08,24.74,25.2,24.41,24.46,1411924.78,3488052.621,25.99,19.95,1.3164285714285715,0,1,,
2024-05-09,24.3,24.5,23.76,24.22,1433467.7,3459862.019,25.99,20.36,1.2999999999999996,0,1,,
2024-05-10,24.0,24.19,23.52,23.92,974637.7,2323699.523,25.99,20.92,1.2699999999999996,0,1,,
2024-05-13,23.93,24.34,23.8,24.0,1012135.63,2434496.045,25.99,21.56,1.1535714285714282,0,1,,
2024-05-14,24.4,24.49,23.46,23.8,1146806.68,2746620.742,25.99,23.2,1.1228571428571426,0,1,,
2024-05-15,23.88,25.0,23.75,24.3,1425040.44,3493813.893,25.99,23.46,1.0621428571428566,0,1,,
2024-05-16,25.73,26.42,25.41,25.58,2411609.54,6231606.32,26.42,23.46,1.1542857142857137,0,1,,
2024-05-17,25.2,25.8,25.1,25.7,1387359.23,3532613.919,26.42,23.46,1.061428571428571,0,1,,
2024-05-20,25.3,26.23,25.01,26.22,1715321.87,4424493.397,26.42,23.46,1.0821428571428566,0,1,,
2024-05-21,25.94,26.2,25.46,25.72,1117078.43,2880736.926,26.42,23.46,0.9778571428571422,0,1,,
2024-05-22,25.69,25.86,25.19,25.43,986841.88,2511330.102,26.42,23.46,0.9835714285714278,0,1,,
2024-05-23,26.0,26.18,24.44,25.62,1818486.83,4611253.745,26.42,23.46,1.047142857142856,0,1,,
2024-05-24,25.2,25.9,24.06,24.15,2051194.77,5084389.549,26.42,23.46,1.1142857142857132,0,1,,
2024-05-27,24.6,25.32,24.51,24.86,1466061.62,3646699.891,26.42,23.46,1.1035714285714278,0,1,,
2024-05-28,24.65,24.9,24.1,24.12,985646.56,2403414.902,26.42,23.75,1.0914285714285705,0,1,,
2024-05-29,24.75,24.82,24.1,24.21,902702.96,2201683.548,26.42,24.06,1.0899999999999992,0,1,,
2024-05-30,24.0,24.28,23.7,23.94,710185.5,1704977.226,26.42,23.7,1.0814285714285707,-1,0,,23.94
2024-05-31,23.67,24.08,22.91,22.91,1391132.17,3246306.827,26.42,22.91,1.1264285714285707,0,0,,
2024-06-03,22.91,24.14,22.9,23.87,1556124.9,3677729.13,26.42,22.9,1.141428571428571,0,0,,
2024-06-04,23.87,23.9,23.45,23.79,821073.56,1943067.318,26.42,22.9,1.0842857142857139,0,0,,
2024-06-05,23.67,23.97,23.46,23.7,732815.83,1740337.548,26.42,22.9,0.9692857142857135,0,0,,
2024-06-06,24.88,26.07,24.88,26.07,2979325.1,7674821.765,26.42,22.9,1.0885714285714279,0,0,,
2024-06-07,25.85,26.14,23.88,24.53,2956978.36,7341980.763,26.42,22.9,1.1628571428571424,0,0,,
2024-06-11,24.5,25.05,24.04,24.21,1610391.03,3945047.341,26.42,22.9,1.1807142857142856,0,0,,
2024-06-12,24.55,25.48,24.31,24.37,1934348.54,4803851.921,26.42,22.9,1.2235714285714285,0,0,,
2024-06-13,24.8,26.59,24.77,25.9,2381978.8,6133068.31,26.59,22.9,1.2578571428571428,0,0,,
2024-06-14,26.05,27.72,25.84,27.23,2284523.2,6138937.77,27.72,22.9,1.2607142857142857,1,1,27.23,
2024-06-17,27.07,27.99,26.68,27.51,2043932.37,5592828.643,27.99,22.9,1.2707142857142855,0,1,,
2024-06-18,27.53,28.91,27.53,28.62,2054130.36,5829921.762,28.91,23.45,1.3135714285714284,1,1,28.62,
2024-06-19,29.19,29.27,28.29,28.47,1422462.65,4069391.664,29.27,23.46,1.332142857142857,0,1,,
2024-06-20,28.47,29.09,28.38,28.61,1043474.47,2991085.814,29.27,23.88,1.3414285714285712,0,1,,
2024-06-21,27.5,28.74,27.44,28.47,1231320.6,3463436.541,29.27,23.88,1.3507142857142855,0,1,,
2024-06-24,27.8,28.47,27.32,27.55,1134129.66,3157646.689,29.27,24.04,1.3442857142857139,0,1,,
2024-06-25,26.76,27.2,26.21,26.44,1317100.39,3505269.013,29.27,24.31,1.4078571428571425,0,1,,
2024-06-26,27.12,27.38,26.45,27.17,1197861.29,3224735.831,29.27,24.77,1.4385714285714282,0,1,,
2024-06-27,26.67,27.25,26.32,26.81,1056595.04,2831106.545,29.27,25.84,1.3357142857142852,0,1,,
2024-06-28,26.7,27.78,26.69,27.4,1150061.11,3151830.923,29.27,26.21,1.2521428571428566,0,1,,
2024-07-01,27.41,28.19,27.0,28.0,1005197.31,2769311.843,29.27,26.21,1.2649999999999992,0,1,,
2024-07-02,27.75,27.87,27.26,27.36,901733.18,2475200.11,29.27,26.21,1.2271428571428564,0,1,,
2024-07-03,27.15,27.54,26.81,27.38,740225.41,2014567.864,29.27,26.21,1.120714285714285,0,1,,
2024-07-04,27.75,27.85,27.16,27.27,790686.97,2171606.461,29.27,26.21,1.0357142857142851,0,1,,
2024-07-05,27.0,27.22,26.36,27.08,881540.19,2359759.723,29.27,26.21,1.0071428571428567,0,1,,
2024-07-08,26.87,27.43,26.81,26.96,639423.02,1734099.061,29.27,26.21,0.9514285714285712,0,1,,
2024-07-09,27.1,29.18,26.75,29.0,1595198.49,4499603.103,29.27,26.32,1.0549999999999997,0,1,,
2024-07-10,29.0,29.18,28.42,28.95,1025419.72,2958129.613,29.27,26.32,1.058571428571428,0,1,,
2024-07-11,29.45,29.47,27.87,28.76,1284073.93,3681298.002,29.47,26.36,1.0799999999999996,0,1,,
2024-07-12,27.65,27.68,27.2,27.26,1292641.85,3537581.677,29.47,26.36,1.1092857142857142,0,1,,
2024-07-15,27.15,27.32,26.67,26.96,847118.31,2283405.842,29.47,26.36,1.0599999999999998,0,1,,
2024-07-16,26.96,27.6,26.36,27.46,1268270.03,3433207.744,29.47,26.36,1.0814285714285714,0,1,,
2024-07-17,27.06,27.1,25.84,25.95,1360611.7,3579744.021,29.47,25.84,1.1307142857142858,-1,0,,25.95
2024-07-18,24.82,25.46,24.33,25.41,1603036.3,3987867.399,29.47,24.33,1.1685714285714288,0,0,,
2024-07-19,24.97,25.3,24.55,24.66,1157325.84,2872113.111,29.47,24.33,1.145,0,0,,
2024-07-22,24.49,25.03,24.22,24.91,1043012.95,2583806.742,29.47,24.22,1.1500000000000004,0,0,,
2024-07-23,25.35,25.45,24.53,24.54,989088.35,2472328.01,29.47,24.22,1.1635714285714287,0,0,,
2024-07-24,24.4,25.1,24.16,24.3,883936.32,2172629.157,29.47,24.16,1.1814285714285717,0,0,,
2024-07-25,23.5,23.74,23.0,23.2,1346031.05,3140485.43,29.47,23.0,1.2092857142857145,-1,0,,23.2
2024-07-26,23.2,23.66,22.95,23.5,859955.27,2005890.391,29.47,22.95,1.215714285714286,0,0,,
2024-07-29,23.4,24.09,23.17,23.8,976986.59,2316856.734,29.47,22.95,1.1078571428571429,0,0,,
2024-07-30,23.49,23.6,22.63,22.85,1282948.72,2937657.047,29.47,22.63,1.1371428571428575,-1,0,,22.85
2024-07-31,22.76,23.88,22.74,23.84,1503000.24,3523270.167,29.47,22.63,1.1042857142857148,0,0,,
2024-08-01,24.6,24.78,23.96,23.97,1452511.46,3524832.734,29.47,22.63,1.0600000000000005,0,0,,
2024-08-02,22.93,23.1,22.25,22.33,1819822.72,4118348.271,29.47,22.25,1.136428571428572,-1,0,,22.33
2024-08-05,21.1,21.52,20.28,20.42,2341598.96,4886015.926,29.47,20.28,1.1942857142857144,0,0,,
2024-08-06,21.03,21.23,20.5,20.81,1429615.73,2970093.528,29.47,20.28,1.1364285714285713,0,0,,
2024-08-07,20.6,20.81,20.31,20.4,1109343.69,2274063.503,29.47,20.28,1.0564285714285713,0,0,,
2024-08-08,20.0,20.59,19.75,20.48,1312416.16,2654203.645,27.68,19.75,1.055,0,0,,
2024-08-09,20.8,21.32,20.61,20.79,1726815.38,3608863.237,27.6,19.75,1.057142857142857,0,0,,
2024-08-12,20.51,20.92,20.47,20.64,926801.6,1913431.142,27.6,19.75,1.0235714285714288,0,0,,
2024-08-13,20.85,21.05,20.45,20.78,1014065.85,2100912.052,27.1,19.75,0.9992857142857144,0,0,,
2024-08-14,21.2,21.9,21.03,21.38,2109497.56,4530984.888,25.46,19.75,0.9864285714285713,0,0,,
2024-08-15,20.74,20.9,20.3,20.66,1264309.76,2605049.267,25.45,19.75,1.0128571428571427,0,0,,
2024-08-16,21.01,21.46,20.98,21.06,1518562.91,3219246.358,25.45,19.75,1.0042857142857142,0,0,,
2024-08-19,21.0,21.14,20.73,20.78,905047.39,1891974.203,25.45,19.75,0.9499999999999998,0,0,,
2024-08-20,21.11,21.18,20.51,20.65,904179.76,1882949.855,25.1,19.75,0.916428571428571,0,0,,
2024-08-21,20.3,21.13,20.27,20.77,937098.53,1945131.356,24.78,19.75,0.9107142857142853,0,0,,
2024-08-22,20.78,20.79,20.21,20.39,822236.37,1677662.039,24.78,20.21,0.8292857142857137,0,0,,
2024-08-23,20.2,20.56,19.99,20.46,820164.47,1664348.901,24.78,19.99,0.7235714285714282,0,0,,
2024-08-26,20.6,20.7,20.0,20.12,757462.67,1533708.332,24.78,19.99,0.7157142857142854,0,0,,
2024-08-27,20.0,20.07,19.66,19.75,730993.72,1447122.601,24.78,19.66,0.7128571428571426,-1,0,,19.75
2024-08-28,19.6,20.06,19.5,19.77,678861.38,1339117.467,24.78,19.5,0.6928571428571425,0,0,,
2024-08-29,19.0,19.33,18.51,19.22,1372798.1,2598158.621,23.1,18.51,0.7228571428571424,-1,0,,19.22
2024-08-30,19.08,20.75,19.07,20.47,1923255.52,3894024.149,21.9,18.51,0.810714285714285,0,0,,
2024-09-02,20.37,20.37,19.45,19.45,1313612.34,2592560.075,21.9,18.51,0.840714285714285,0,0,,
2024-09-03,19.34,19.65,19.23,19.44,822968.88,1599480.885,21.9,18.51,0.7907142857142849,0,0,,
2024-09-04,18.5,18.98,18.4,18.92,1287535.25,2407196.351,21.9,18.4,0.7878571428571425,0,0,,
2024-09-05,18.86,19.21,18.71,18.88,818264.58,1547422.597,21.9,18.4,0.7664285714285709,0,0,,
2024-09-06,18.87,18.94,18.3,18.36,918167.08,1702211.168,21.9,18.3,0.7828571428571424,-1,0,,18.36
2024-09-09,18.13,18.64,18.1,18.6,865900.07,1593335.404,21.9,18.1,0.7735714285714282,0,0,,
2024-09-10,18.6,18.99,18.36,18.82,1015619.1,1895273.408,21.9,18.1,0.7571428571428568,0,0,,
2024-09-11,18.72,19.08,18.65,18.78,693070.85,1302534.355,21.46,18.1,0.7464285714285711,0,0,,
2024-09-12,19.39,19.64,18.8,18.84,1179949.57,2261474.918,21.46,18.1,0.7671428571428568,0,0,,
2024-09-13,18.86,19.59,18.86,19.25,1596820.46,3090243.461,21.18,18.1,0.7707142857142854,0,0,,
2024-09-18,19.0,19.1,18.57,18.75,814374.93,1529559.614,21.18,18.1,0.786428571428571,0,0,,
2024-09-19,18.87,18.97,18.45,18.85,977367.48,1832408.896,21.13,18.1,0.7835714285714283,0,0,,
2024-09-20,19.0,19.24,18.73,18.86,903688.34,1709430.548,20.79,18.1,0.7299999999999996,0,0,,
2024-09-23,18.65,19.15,18.54,18.71,770526.17,1453569.652,20.75,18.1,0.6535714285714282,0,0,,
2024-09-24,18.9,20.58,18.88,20.58,2578304.95,5130805.422,20.75,18.1,0.7142857142857137,0,0,,
2024-09-25,21.32,21.83,21.01,21.07,2454175.5,5260220.552,21.83,18.36,0.7735714285714282,1,1,21.07,
2024-09-26,21.11,21.69,20.86,21.66,1888155.16,4012792.718,21.83,18.45,0.7585714285714281,0,1,,
2024-09-27,22.02,23.0,21.85,23.0,1406875.52,3139300.713,23.0,18.45,0.8185714285714282,1,1,23.0,
2024-09-30,24.3,25.29,23.5,25.19,2791674.24,6863945.912,25.29,18.45,0.9364285714285708,0,1,,
2024-10-08,27.71,27.71,25.32,27.71,3065615.4,8353966.206,27.71,18.45,1.0778571428571424,0,1,,
2024-10-09,27.7,28.3,25.67,26.0,2665826.61,7197497.797,28.3,18.45,1.2207142857142852,0,1,,
2024-10-10,26.52,26.68,25.05,25.8,1845426.32,4801598.73,28.3,18.54,1.3064285714285708,0,1,,
2024-10-11,25.4,25.92,24.12,24.59,1458643.88,3645912.133,28.3,18.54,1.373571428571428,0,1,,
2024-10-14,24.54,25.17,23.96,25.16,1413803.96,3486650.145,28.3,18.88,1.406428571428571,0,1,,
2024-10-15,25.19,25.75,24.6,24.6,1340917.98,3377437.59,28.3,20.86,1.4399999999999995,0,1,,
2024-10-16,23.61,24.09,23.19,23.53,1350643.0,3181044.984,28.3,20.86,1.5035714285714281,0,1,,
2024-10-17,23.77,24.22,23.61,23.71,1152797.82,2753947.719,28.3,21.85,1.516428571428571,0,1,,
2024-10-18,23.98,26.08,23.98,26.08,2428536.26,6177895.389,28.3,23.19,1.6421428571428565,0,1,,
2024-10-21,26.81,26.98,25.61,26.2,2500426.19,6584950.952,28.3,23.19,1.606428571428571,0,1,,
2024-10-22,26.49,26.78,25.8,26.26,1472538.25,3872117.498,28.3,23.19,1.5871428571428567,0,1,,
2024-10-23,25.79,26.05,25.25,25.61,1238149.83,3174466.112,28.3,23.19,1.5999999999999996,0,1,,
2024-10-24,25.16,25.8,24.83,25.35,921488.13,2324974.143,28.3,23.19,1.5735714285714284,0,1,,
2024-10-25,25.39,26.05,25.13,25.66,1066717.06,2731769.321,28.3,23.19,1.4757142857142858,0,1,,
2024-10-28,25.31,25.62,24.89,25.26,1086662.68,2740527.329,28.3,23.19,1.3507142857142858,0,1,,
2024-10-29,25.2,25.98,24.91,25.05,1383532.73,3511210.24,28.3,23.19,1.2392857142857143,0,1,,
2024-10-30,24.9,25.64,24.54,24.84,1212943.6,3035295.52,28.3,23.61,1.2014285714285717,0,1,,
2024-10-31,24.5,24.65,23.81,24.25,1867211.76,4520725.516,28.3,23.81,1.1464285714285718,0,1,,
2024-11-01,23.85,24.36,23.65,23.68,1130299.28,2705900.739,28.3,23.65,1.110714285714286,-1,0,,23.68
2024-11-04,23.78,24.53,23.78,24.33,1095511.73,2656417.976,28.3,23.65,1.0892857142857149,0,0,,
2024-11-05,24.34,24.99,24.05,24.75,1532382.85,3775653.367,28.3,23.65,1.055714285714286,0,0,,
2024-11-06,25.0,25.0,24.03,24.18,1565168.72,3825674.261,26.98,23.65,1.075714285714286,0,0,,
2024-11-07,23.96,24.79,23.62,24.64,1549010.12,3759858.836,26.98,23.62,0.9900000000000004,0,0,,
2024-11-08,24.9,27.0,24.9,25.98,3313820.48,8684620.573,27.0,23.62,1.0607142857142862,0,0,,
2024-11-11,25.3,27.18,25.21,27.01,3129679.57,8231086.03,27.18,23.62,1.1314285714285717,1,1,27.01,
2024-11-12,27.01,27.01,25.46,25.72,2311452.38,6024691.958,27.18,23.62,1.1700000000000002,0,1,,
2024-11-13,25.47,27.14,25.1,26.47,2394372.01,6252146.823,27.18,23.62,1.2464285714285714,0,1,,
2024-11-14,26.58,26.6,24.85,24.87,1850870.0,4734109.353,27.18,23.62,1.3057142857142856,0,1,,
2024-11-15,24.8,25.13,23.9,23.92,1517618.84,3712560.403,27.18,23.62,1.3385714285714285,0,1,,
2024-11-18,23.92,24.09,23.08,23.24,1122672.55,2640742.072,27.18,23.08,1.3342857142857143,-1,0,,23.24
2024-11-19,23.45,23.88,22.92,23.72,1074775.5,2515347.736,27.18,22.92,1.324285714285714,0,0,,
2024-11-20,23.7,24.19,23.7,24.0,1145576.43,2745515.817,27.18,22.92,1.2857142857142854,0,0,,
2024-11-21,23.6,23.79,23.21,23.43,1229154.39,2887580.665,27.18,22.92,1.2914285714285711,0,0,,
2024-11-22,23.49,23.96,22.84,22.84,1211449.68,2836805.756,27.18,22.84,1.3107142857142853,-1,0,,22.84
2024-11-25,22.84,22.95,21.7,22.11,1284159.35,2845965.547,27.18,21.7,1.3328571428571425,0,0,,
2024-11-26,21.89,22.42,21.71,22.09,896672.97,1977884.775,27.18,21.7,1.3142857142857143,0,0,,
2024-11-27,21.92,22.42,21.72,22.32,868574.73,1922345.866,27.18,21.7,1.280714285714286,0,0,,
2024-11-28,22.32,22.32,21.78,21.85,908157.54,1995650.738,27.18,21.7,1.150714285714286,0,0,,
2024-11-29,21.85,22.7,21.75,22.19,1153973.02,2560538.002,27.18,21.7,1.077857142857143,0,0,,
2024-12-02,22.07,22.75,22.07,22.56,1223315.09,2743941.157,27.18,21.7,1.0157142857142858,0,0,,
2024-12-03,22.68,22.68,22.05,22.24,881292.01,1962120.597,27.18,21.7,0.9150000000000001,0,0,,
2024-12-04,22.25,22.32,21.8,21.88,962608.0,2114514.357,27.18,21.7,0.8271428571428573,0,0,,
2024-12-05,21.92,22.65,21.92,22.54,1467166.43,3296525.194,27.18,21.7,0.7942857142857144,0,0,,
2024-12-06,22.54,22.67,22.23,22.6,1107236.5,2491375.747,27.18,21.7,0.7535714285714287,0,0,,
2024-12-09,22.62,22.62,22.0,22.13,931283.59,2070106.173,27.14,21.71,0.7292857142857146,0,0,,
2024-12-10,22.61,22.8,22.13,22.14,1299174.18,2916481.422,27.14,21.72,0.7421428571428574,0,0,,
2024-12-11,22.1,22.48,22.03,22.33,937454.36,2091065.851,26.6,21.75,0.7178571428571432,0,0,,
2024-12-12,22.37,22.65,22.2,22.34,909888.19,2035384.897,25.13,21.75,0.6700000000000002,0,0,,
2024-12-13,22.17,22.2,21.3,21.35,1651590.68,3576176.007,24.19,21.3,0.6550000000000001,-1,0,,21.35
2024-12-16,21.2,21.3,20.87,21.06,988166.03,2076540.553,24.19,20.87,0.6385714285714287,0,0,,
2024-12-17,20.99,22.17,20.92,21.6,1836545.9,3999723.765,24.19,20.87,0.6778571428571427,0,0,,
2024-12-18,21.62,21.7,21.18,21.41,923515.52,1975597.414,23.96,20.87,0.6764285714285714,0,0,,
2024-12-19,21.2,22.37,21.11,22.19,1824622.03,3997002.708,23.96,20.87,0.6985714285714286,0,0,,
2024-12-20,22.03,22.35,21.92,22.02,1249790.76,2760716.991,22.95,20.87,0.6807142857142858,0,0,,
2024-12-23,22.23,22.64,22.04,22.05,1383103.81,3081972.767,22.8,20.87,0.6800000000000003,0,0,,
2024-12-24,22.11,23.07,21.8,23.0,2100291.6,4726842.841,23.07,20.87,0.7335714285714288,1,1,23.0,
2024-12-25,23.03,23.19,22.52,22.72,1625086.2,3716854.498,23.19,20.87,0.7264285714285718,0,1,,
2024-12-26,22.64,23.38,22.42,23.33,1954600.93,4515517.027,23.38,20.87,0.7635714285714287,1,1,23.33,
2024-12-27,23.16,23.2,22.55,22.61,1796131.47,4104549.967,23.38,20.87,0.7749999999999998,0,1,,
2024-12-30,22.55,22.75,22.3,22.45,972770.49,2187789.771,23.38,20.92,0.759285714285714,0,1,,
2024-12-31,22.46,22.5,21.5,21.5,1344455.13,2935692.145,23.38,21.11,0.7985714285714283,0,1,,
2025-01-02,21.4,21.4,20.44,20.71,1247299.46,2610824.056,23.38,20.44,0.8421428571428569,-1,0,,20.71
2025-01-03,20.64,21.16,20.46,20.55,1037654.15,2159601.878,23.38,20.44,0.8178571428571425,0,0,,
2025-01-06,20.79,21.05,20.41,20.67,826977.27,1710058.08,23.38,20.41,0.829285714285714,0,0,,
2025-01-07,20.81,21.27,20.63,21.25,1151917.38,2414106.395,23.38,20.41,0.7857142857142855,0,0,,
2025-01-08,20.9,20.91,20.16,20.63,1160262.7,2388783.297,23.38,20.16,0.8264285714285712,0,0,,
2025-01-09,20.62,20.83,20.46,20.54,761154.69,1572457.091,23.38,20.16,0.7628571428571423,0,0,,
2025-01-10,20.49,20.49,19.75,19.75,1103875.32,2213737.347,23.38,19.75,0.788571428571428,-1,0,,19.75
2025-01-13,19.48,19.86,19.4,19.72,646947.39,1270179.136,23.38,19.4,0.7771428571428566,0,0,,
2025-01-14,19.75,20.68,19.48,20.57,1348205.67,2721137.523,23.38,19.4,0.7721428571428566,0,0,,
2025-01-15,20.5,20.5,20.09,20.14,832789.13,1681752.452,23.38,19.4,0.7585714285714279,0,0,,
2025-01-16,20.35,20.99,20.2,20.84,1572689.95,3239699.313,23.38,19.4,0.7507142857142851,0,0,,
2025-01-17,20.68,21.0,20.5,20.66,1023812.25,2123876.213,23.38,19.4,0.7307142857142852,0,0,,
2025-01-20,20.91,21.09,20.69,20.77,847174.71,1769984.579,23.38,19.4,0.7292857142857139,0,0,,
2025-01-21,20.96,21.6,20.75,21.21,1257723.25,2659706.976,23.38,19.4,0.7185714285714282,0,0,,
2025-01-22,21.42,23.33,21.41,23.33,3995411.98,9093333.602,23.38,19.4,0.7942857142857138,0,0,,
2025-01-23,23.81,24.24,23.0,23.0,4045048.05,9577730.151,24.24,19.4,0.8328571428571424,0,0,,
2025-01-24,22.71,23.5,22.56,23.35,2319552.56,5347422.349,24.24,19.4,0.8542857142857139,0,0,,
2025-01-27,22.55,22.59,21.39,21.45,2547187.57,5575565.451,24.24,19.48,0.9485714285714282,0,0,,
2025-02-05,20.56,20.59,19.8,20.0,2995660.77,6007427.161,24.24,19.8,0.9885714285714281,0,0,,
2025-02-06,20.31,20.57,20.0,20.48,2040039.61,4149233.282,24.24,19.8,1.0028571428571424,0,0,,
2025-02-07,20.67,21.91,20.59,21.55,2893257.24,6188085.42,24.24,19.8,1.0485714285714283,0,0,,
2025-02-10,21.66,21.78,21.43,21.72,1726218.77,3732243.385,24.24,19.8,1.0407142857142855,0,0,,
2025-02-11,21.8,22.22,21.73,21.77,1533060.95,3363606.157,24.24,19.8,0.9907142857142855,0,0,,
2025-02-12,21.72,22.18,21.58,22.15,1272066.5,2790480.314,24.24,19.8,0.9992857142857142,0,0,,
2025-02-13,22.05,22.18,21.76,21.79,1127096.28,2470477.929,24.24,19.8,0.9685714285714285,0,0,,
2025-02-14,21.81,22.63,21.81,22.1,1541398.84,3432007.183,24.24,19.8,0.9928571428571428,0,0,,
2025-02-17,22.46,23.1,22.31,22.9,2100385.14,4768448.291,24.24,19.8,1.0335714285714286,0,0,,
2025-02-18,22.9,23.47,22.59,22.68,2136041.48,4925567.579,24.24,19.8,1.0357142857142854,0,0,,
2025-02-19,22.6,23.64,22.55,23.24,1977651.85,4587932.119,24.24,20.0,0.9621428571428571,0,0,,
2025-02-20,23.05,23.11,22.58,22.62,1484933.16,3378726.846,24.24,20.59,0.9207142857142857,0,0,,
2025-02-21,22.87,23.3,22.59,23.2,2026369.66,4659632.779,24.24,21.43,0.9042857142857142,0,0,,
2025-02-24,23.38,23.96,22.8,23.21,2368702.54,5535768.096,24.24,21.58,0.8471428571428571,0,0,,
2025-02-25,22.8,23.6,22.72,23.08,1914260.45,4432891.533,24.24,21.58,0.7921428571428574,0,0,,
2025-02-26,22.99,22.99,22.34,22.77,1675794.99,3787848.529,24.24,21.76,0.8042857142857144,0,0,,
2025-02-27,22.9,22.97,21.69,21.96,1935848.12,4293091.118,24.24,21.69,0.7935714285714285,0,0,,
2025-02-28,21.1,21.39,20.74,21.19,1719021.5,3622179.187,23.96,20.74,0.8557142857142858,-1,0,,21.19
2025-03-03,21.37,21.49,20.85,21.07,1059091.15,2231416.864,23.96,20.74,0.8657142857142855,0,0,,
2025-03-04,20.39,21.04,20.3,21.04,1127277.49,2336474.074,23.96,20.3,0.8778571428571426,0,0,,
2025-03-05,21.04,21.14,20.75,21.04,817677.43,1710518.289,23.96,20.3,0.8757142857142856,0,0,,
2025-03-06,21.2,21.5,21.11,21.32,1397753.84,2980568.031,23.96,20.3,0.8485714285714285,0,0,,
2025-03-07,21.13,21.13,20.82,20.87,1030578.93,2161396.767,23.96,20.3,0.8128571428571428,0,0,,
2025-03-10,20.93,21.07,20.76,21.03,711737.91,1488413.535,23.96,20.3,0.772142857142857,0,0,,
2025-03-11,20.61,20.91,20.56,20.82,787432.43,1632176.395,23.96,20.3,0.727857142857143,0,0,,
2025-03-12,20.92,21.1,20.8,20.91,901503.81,1889288.343,23.96,20.3,0.7021428571428573,0,0,,
2025-03-13,21.03,21.15,20.61,20.67,891120.88,1855240.657,23.96,20.3,0.6900000000000001,0,0,,
2025-03-14,20.81,21.28,20.68,21.26,1447833.55,3055254.924,23.96,20.3,0.6507142857142857,0,0,,
2025-03-17,21.6,21.77,21.39,21.52,1164673.22,2513967.676,23.96,20.3,0.6242857142857139,0,0,,
2025-03-18,21.48,21.66,21.31,21.54,910807.58,1952928.427,23.96,20.56,0.5964285714285713,0,0,,
2025-03-19,21.4,21.4,20.98,21.02,971971.76,2050446.052,23.96,20.56,0.5449999999999999,0,0,,
2025-03-20,21.11,21.16,20.82,20.85,637324.56,1334169.975,23.96,20.56,0.4821428571428569,0,0,,
2025-03-21,20.78,20.91,20.58,20.63,714499.32,1479176.185,23.96,20.56,0.4600000000000001,0,0,,
2025-03-24,20.69,20.84,20.51,20.84,651468.97,1346156.8,23.6,20.51,0.42857142857142855,0,0,,
2025-03-25,20.79,20.89,20.48,20.51,734632.97,1513586.68,22.99,20.48,0.43,0,0,,
2025-03-26,20.43,20.55,20.35,20.38,525207.47,1073654.161,22.97,20.35,0.4114285714285713,-1,0,,20.38
2025-03-27,20.21,20.35,19.9,20.22,724600.07,1459341.265,21.77,19.9,0.40999999999999986,0,0,,
2025-03-28,20.2,20.29,19.97,19.98,572141.4,1147677.927,21.77,19.9,0.4107142857142857,0,0,,
2025-03-31,19.8,19.95,19.68,19.86,636443.98,1260114.71,21.77,19.68,0.39857142857142847,-1,0,,19.86
2025-04-01,19.95,20.17,19.79,20.02,574776.98,1148515.765,21.77,19.68,0.4042857142857143,0,0,,
2025-04-02,19.95,20.18,19.92,20.0,479031.7,961073.174,21.77,19.68,0.38428571428571423,0,0,,
2025-04-03,19.65,19.88,19.01,19.05,1274764.48,2469083.191,21.77,19.01,0.4114285714285713,-1,0,,19.05
2025-04-07,17.15,17.15,17.15,17.15,331662.0,568800.33,21.77,17.15,0.5107142857142859,0,0,,
2025-04-08,16.29,16.64,15.44,15.44,2147403.84,3376376.512,21.77,15.44,0.6078571428571429,0,0,,
2025-04-09,14.58,16.5,14.58,16.33,2189355.1,3439909.983,21.77,14.58,0.7050000000000001,0,0,,
2025-04-10,17.9,17.96,17.5,17.96,2538561.36,4527281.725,21.77,14.58,0.7971428571428574,0,0,,
2025-04-11,17.65,18.09,17.38,17.8,1574237.58,2789262.751,21.77,14.58,0.8242857142857145,0,0,,
2025-04-14,18.4,18.67,17.83,17.92,1429056.1,2596128.245,21.77,14.58,0.8628571428571432,0,0,,
2025-04-15,17.92,18.18,17.82,18.1,874022.46,1576120.666,21.66,14.58,0.8592857142857147,0,0,,
2025-04-16,18.0,18.06,17.13,17.5,1187252.69,2066155.704,21.4,14.58,0.9142857142857148,0,0,,
2025-04-17,17.22,17.65,17.2,17.4,778225.78,1358456.92,21.16,14.58,0.9121428571428576,0,0,,
2025-04-18,17.4,17.65,17.35,17.56,544202.0,952948.033,20.91,14.58,0.9107142857142859,0,0,,
2025-04-21,17.55,17.85,17.39,17.81,511316.49,903346.238,20.89,14.58,0.9221428571428574,0,0,,
2025-04-22,17.7,17.83,17.58,17.78,461644.65,818795.246,20.89,14.58,0.9128571428571429,0,0,,
2025-04-23,18.19,18.53,18.12,18.24,1014516.26,1856499.335,20.55,17.13,0.9478571428571431,0,0,,
2025-04-24,18.26,18.26,17.87,17.92,536401.12,967764.177,20.35,17.13,0.9050000000000004,0,0,,
2025-04-25,18.09,18.38,18.01,18.24,705303.73,1288557.403,20.29,17.13,0.8021428571428572,0,0,,
2025-04-28,18.26,18.29,17.92,18.0,458800.01,828167.886,20.18,17.13,0.7064285714285713,0,0,,
2025-04-29,17.99,18.09,17.82,18.09,364971.21,657510.53,20.18,17.13,0.5885714285714284,0,0,,
2025-04-30,18.25,18.25,17.98,18.06,552574.54,1000543.73,20.18,17.2,0.4914285714285711,0,0,,
2025-05-06,18.3,18.83,18.2,18.81,995642.94,1849510.955,19.88,17.35,0.4957142857142853,0,0,,
2025-05-07,19.09,19.15,18.46,18.63,999428.61,1863389.394,19.15,17.39,0.4828571428571422,0,0,,
2025-05-08,18.7,19.15,18.65,19.03,1010763.26,1918182.894,19.15,17.58,0.49428571428571366,0,0,,
2025-05-09,18.91,18.95,18.65,18.69,579765.77,1088299.862,19.15,17.82,0.4521428571428565,0,0,,
2025-05-12,19.11,19.36,18.91,19.27,1064010.83,2034112.49,19.36,17.82,0.46785714285714214,1,1,19.27,
2025-05-13,19.8,19.8,19.08,19.09,1045962.36,2024574.595,19.8,17.82,0.4978571428571425,0,1,,
2025-05-14,19.48,20.03,19.3,19.55,1504813.05,2959459.215,20.03,17.82,0.5321428571428568,0,1,,
2025-05-15,19.56,19.56,19.1,19.1,806554.13,1548705.746,20.03,17.82,0.5471428571428566,0,1,,
2025-05-16,19.0,19.29,18.87,19.22,537079.21,1028660.417,20.03,17.98,0.5235714285714279,0,1,,
2025-05-19,19.06,19.13,18.74,19.05,553254.43,1046353.427,20.03,18.2,0.5299999999999994,0,1,,
2025-05-20,19.05,19.2,18.85,19.06,397482.45,756345.309,20.03,18.46,0.5221428571428566,0,1,,
2025-05-21,19.06,19.06,18.87,18.97,329366.26,624459.799,20.03,18.65,0.5092857142857137,0,1,,
2025-05-22,18.88,19.26,18.82,19.05,544318.77,1039624.102,20.03,18.65,0.521428571428571,0,1,,
2025-05-23,19.08,19.4,18.79,18.79,536671.34,1020421.967,20.03,18.74,0.5457142857142853,0,1,,
2025-05-26,18.84,18.9,18.65,18.76,381886.76,716195.619,20.03,18.65,0.5085714285714281,0,1,,
2025-05-27,18.76,18.76,18.39,18.47,432191.89,799701.202,20.03,18.39,0.4857142857142855,-1,0,,18.47
2025-05-28,18.5,18.68,18.4,18.58,331844.65,616336.26,20.03,18.39,0.46857142857142847,0,0,,
2025-05-29,18.81,19.85,18.81,19.7,1769327.22,3465261.644,20.03,18.39,0.5321428571428571,0,0,,
2025-05-30,19.32,19.39,18.93,18.93,935605.0,1784380.335,20.03,18.39,0.5392857142857144,0,0,,
2025-06-03,18.82,18.96,18.76,18.79,497426.11,936626.287,20.03,18.39,0.502142857142857,0,0,,
2025-06-04,18.95,19.49,18.95,19.43,1112025.78,2150783.266,20.03,18.39,0.4849999999999997,0,0,,
2025-06-05,19.38,20.7,19.38,20.56,2321442.33,4706401.501,20.7,18.39,0.5464285714285714,1,1,20.56,
2025-06-06,20.5,20.5,20.25,20.31,848004.0,1726461.322,20.7,18.39,0.5385714285714285,0,1,,
2025-06-09,20.52,20.65,20.21,20.43,743828.13,1520629.307,20.7,18.39,0.5357142857142855,0,1,,
2025-06-10,20.45,20.46,19.96,20.16,625185.1,1262554.13,20.7,18.39,0.5464285714285714,0,1,,
2025-06-11,20.25,20.75,20.23,20.4,858063.22,1762638.766,20.75,18.4,0.5750000000000001,0,1,,
2025-06-12,20.25,20.9,20.23,20.66,1048122.27,2171612.346,20.9,18.76,0.5914285714285713,0,1,,
2025-06-13,20.6,21.19,20.53,20.9,1043342.98,2183420.358,21.19,18.76,0.5949999999999999,0,1,,
2025-06-16,20.85,21.76,20.82,21.22,1235135.68,2644510.942,21.76,18.76,0.6442857142857142,1,1,21.22,
2025-06-17,21.31,21.38,20.56,20.6,882107.48,1836402.727,21.76,18.95,0.6764285714285714,0,1,,
2025-06-18,20.65,21.25,20.27,21.16,1178882.6,2448922.822,21.76,19.38,0.7264285714285713,0,1,,
2025-06-19,21.1,21.56,20.74,20.81,807374.98,1701363.333,21.76,19.96,0.694285714285714,0,1,,
2025-06-20,20.91,21.0,20.58,20.59,500863.57,1037041.65,21.76,19.96,0.6692857142857142,0,1,,
2025-06-23,20.43,20.66,19.98,20.2,784295.46,1586402.298,21.76,19.96,0.7035714285714284,0,1,,
2025-06-24,20.41,20.55,20.23,20.29,711368.41,1447435.304,21.76,19.98,0.6785714285714286,0,1,,
2025-06-25,20.49,21.07,20.49,20.98,1149522.81,2399815.815,21.76,19.98,0.64,0,1,,
2025-06-26,21.4,21.7,21.02,21.04,1179644.26,2510679.363,21.76,19.98,0.6692857142857144,0,1,,
2025-06-27,21.04,21.65,20.72,21.35,1161620.43,2473588.949,21.76,19.98,0.7042857142857145,0,1,,
2025-06-30,21.48,21.55,21.2,21.38,758584.87,1620980.543,21.76,19.98,0.6935714285714288,0,1,,
2025-07-01,21.26,21.63,21.0,21.4,750579.97,1598486.869,21.76,19.98,0.6964285714285717,0,1,,
2025-07-02,21.2,21.31,21.05,21.16,536834.48,1135722.498,21.76,19.98,0.6735714285714288,0,1,,
2025-07-03,21.26,23.28,21.26,23.28,3418388.29,7812149.979,23.28,19.98,0.7778571428571431,1,1,23.28,
2025-07-04,23.31,24.35,23.28,23.81,3236054.62,7750318.603,24.35,19.98,0.7871428571428574,0,1,,
2025-07-07,23.8,24.33,23.34,23.98,1648997.23,3935417.533,24.35,20.23,0.7992857142857144,0,1,,
2025-07-08,24.88,26.38,24.8,26.38,2896954.38,7483434.567,26.38,20.49,0.9007142857142857,1,1,26.38,
2025-07-09,27.0,27.12,26.5,26.6,2653866.41,7099473.985,27.12,20.72,0.8950000000000001,0,1,,
2025-07-10,26.9,26.99,25.88,26.16,1864205.88,4894678.074,27.12,20.72,0.9442857142857142,0,1,,
2025-07-11,26.1,26.57,25.88,26.0,1439146.29,3755704.608,27.12,21.0,0.9450000000000001,0,1,,
2025-07-14,26.0,26.22,25.4,25.92,1084306.24,2808305.774,27.12,21.0,0.9785714285714285,0,1,,
2025-07-15,26.3,27.41,26.17,27.25,2763471.42,7421225.013,27.41,21.05,1.0292857142857141,1,1,27.25,
2025-07-16,26.99,27.41,26.65,26.73,1456232.11,3923855.98,27.41,21.26,1.032142857142857,0,1,,
2025-07-17,26.63,27.63,26.63,27.5,1571341.73,4272932.957,27.63,23.28,1.0371428571428571,1,1,27.5,
2025-07-18,27.49,27.99,27.06,27.11,1289586.66,3527149.095,27.99,23.34,1.0785714285714285,0,1,,
2025-07-21,27.0,27.55,26.75,27.02,865038.4,2336498.383,27.99,24.8,1.0907142857142857,0,1,,
2025-07-22,27.0,28.26,26.8,26.96,1418846.99,3881833.84,28.26,25.4,1.1700000000000002,0,1,,
2025-07-23,26.5,26.76,26.35,26.58,1140934.01,3028691.471,28.26,25.4,1.0621428571428573,0,1,,
2025-07-24,27.19,28.95,27.05,28.45,2239425.07,6254561.232,28.95,25.4,1.155,1,1,28.45,
2025-07-25,28.45,29.15,28.41,28.66,1074338.57,3082064.581,29.15,25.4,1.1371428571428572,0,1,,
2025-07-28,28.94,29.57,28.61,29.57,1522495.69,4437868.498,29.57,26.17,1.0342857142857145,1,1,29.57,
2025-07-29,29.56,31.28,29.31,31.19,1788364.81,5443611.579,31.28,26.35,1.1221428571428576,0,1,,
2025-07-30,31.0,34.25,30.29,33.28,2068356.13,6670342.339,34.25,26.35,1.325714285714286,0,1,,
2025-07-31,33.26,35.9,33.2,34.61,3022803.41,10515073.293,35.9,26.35,1.4692857142857143,0,1,,
2025-08-01,34.0,34.3,32.48,33.0,2193951.47,7294069.283,35.9,26.35,1.562857142857143,0,1,,
2025-08-04,32.4,33.1,32.21,32.97,1381800.54,4507279.459,35.9,26.35,1.5200000000000002,0,1,,
2025-08-05,33.5,35.34,33.11,35.05,2445900.76,8367476.018,35.9,26.35,1.6350000000000005,0,1,,
2025-08-06,34.1,34.69,33.55,34.3,1476207.36,5047534.286,35.9,27.05,1.6707142857142863,0,1,,
2025-08-07,36.2,37.64,34.72,35.65,2435917.51,8779278.722,37.64,28.41,1.8428571428571436,0,1,,
2025-08-08,35.73,37.55,35.06,36.59,1801251.56,6572389.388,37.64,28.61,1.963571428571429,0,1,,
2025-08-11,36.5,37.19,35.1,36.35,1929847.69,7003982.795,37.64,29.31,2.0085714285714285,0,1,,
2025-08-12,36.47,39.71,36.47,39.71,2228501.56,8550587.057,39.71,30.29,2.205,1,1,39.71,
2025-08-13,39.72,43.68,38.95,43.68,2423667.73,10023782.873,43.68,32.21,2.373571428571428,0,1,,
2025-08-14,43.96,45.78,42.98,43.22,2420015.01,10650283.436,45.78,32.21,2.5207142857142855,0,1,,
2025-08-15,42.59,45.7,42.5,44.86,2306712.99,10234688.715,45.78,32.21,2.6807142857142856,0,1,,
2025-08-18,44.8,45.25,41.66,44.46,2630780.34,11509162.414,45.78,33.11,2.7964285714285717,0,1,,
2025-08-19,44.02,48.91,43.68,48.91,2730438.27,12733532.496,48.91,33.55,2.8871428571428575,1,1,48.91,
2025-08-20,46.5,48.96,45.8,47.91,2530586.65,11955177.84,48.96,34.72,2.920000000000001,0,1,,
2025-08-21,47.42,48.4,44.57,45.29,2316619.17,10647328.64,48.96,35.06,3.041428571428572,0,1,,
2025-08-22,44.5,47.29,44.0,45.83,2412630.1,11006049.638,48.96,35.1,3.212857142857143,0,1,,
2025-08-25,46.5,48.07,44.7,48.0,3060730.08,14043646.79,48.96,36.47,3.2842857142857143,0,1,,
2025-08-26,46.88,47.0,45.48,45.48,2216374.37,10207619.38,48.96,38.95,3.357142857142857,0,1,,
2025-08-27,45.0,47.89,44.51,45.72,2603611.55,12048546.713,48.96,41.66,3.36,0,1,,
2025-08-28,44.6,49.95,44.22,48.94,3459293.45,16267081.571,49.95,41.66,3.591428571428572,0,1,,
2025-08-29,48.0,53.83,47.14,53.83,3430226.54,17371646.436,53.83,41.66,3.920000000000001,1,1,53.83,
2025-09-01,53.99,56.96,52.3,55.62,2695192.13,14793140.838,56.96,43.68,4.012857142857144,0,1,,
2025-09-02,56.7,58.0,52.51,53.88,2723115.38,15010975.666,58.0,44.0,4.0671428571428585,0,1,,
2025-09-03,53.88,55.6,51.08,54.24,2219156.98,11903006.052,58.0,44.0,4.190000000000001,0,1,,
2025-09-04,56.5,57.88,49.93,53.13,3338312.71,18022745.305,58.0,44.0,4.529285714285716,0,1,,
2025-09-05,53.3,57.2,50.6,55.83,3390912.54,18175746.989,58.0,44.22,4.7442857142857155,0,1,,
2025-09-08,55.0,56.14,50.38,51.4,3032515.21,15981215.892,58.0,44.22,4.782142857142858,0,1,,
2025-09-09,50.4,51.5,47.5,48.79,2621773.91,12944729.646,58.0,44.22,4.842142857142859,0,1,,
2025-09-10,51.6,53.67,50.6,53.67,3460786.51,18310218.737,58.0,44.22,4.917142857142858,0,1,,
2025-09-11,55.8,59.04,54.65,59.04,2722798.44,15528041.271,59.04,47.14,5.065714285714287,1,1,59.04,
2025-09-12,58.88,63.1,58.03,61.9,3156052.16,19269402.667,63.1,47.5,5.187142857142859,0,1,,
2025-09-15,60.0,61.28,58.5,59.9,1931718.58,11563491.312,63.1,47.5,5.250000000000002,0,1,,
2025-09-16,59.87,61.9,58.87,59.73,1794969.97,10801450.448,63.1,47.5,5.2250000000000005,0,1,,
2025-09-17,58.9,63.0,57.71,61.12,2419093.99,14585318.191,63.1,47.5,5.193571428571429,0,1,,
2025-09-18,59.39,67.23,59.39,64.36,3150668.51,20292012.592,67.23,47.5,5.275714285714287,1,1,64.36,
2025-09-19,65.64,68.63,65.0,66.1,2368672.81,15781011.244,68.63,47.5,5.247857142857144,0,1,,
2025-09-22,66.55,71.89,64.64,70.5,2399280.0,16708442.542,71.89,47.5,5.373571428571429,1,1,70.5,
2025-09-23,74.72,74.72,68.5,70.87,2670327.16,19020544.374,74.72,50.6,5.495,0,1,,
2025-09-24,68.8,69.94,67.5,68.63,1963844.43,13461289.668,74.72,54.65,5.167857142857143,0,1,,
2025-09-25,67.88,69.86,66.19,68.46,1886681.67,12883412.578,74.72,57.71,4.958571428571429,0,1,,
2025-09-26,67.55,68.51,64.65,64.87,1921756.5,12691205.307,74.72,57.71,4.822857142857144,0,1,,
2025-09-29,64.85,67.5,64.85,66.58,1550357.85,10295116.892,74.72,57.71,4.726428571428572,0,1,,
2025-09-30,66.8,69.48,65.52,66.01,1653417.39,11090699.578,74.72,57.71,4.6607142857142865,0,1,,
2025-10-09,67.11,70.88,67.0,68.45,2215436.52,15252473.527,74.72,59.39,4.625,0,1,,
2025-10-10,68.31,69.99,65.46,66.41,1842838.41,12406938.35,74.72,64.64,4.586428571428572,0,1,,
2025-10-13,61.0,64.63,61.0,63.48,1708677.13,10776334.666,74.72,61.0,4.7299999999999995,-1,0,,63.48
2025-10-14,64.99,65.66,59.25,59.72,1946790.98,12102481.124,74.72,59.25,4.971428571428571,0,0,,
2025-10-15,59.72,63.9,58.5,63.38,1911663.0,11740563.455,74.72,58.5,4.979285714285715,0,0,,
2025-10-16,62.0,64.35,61.7,63.59,1159393.28,7332048.118,74.72,58.5,4.608571428571428,0,0,,
2025-10-17,63.0,63.27,59.9,60.01,1378794.85,8413468.1,74.72,58.5,4.567142857142857,0,0,,
2025-10-20,62.0,63.82,61.07,62.06,1450022.86,9053010.272,74.72,58.5,4.321428571428571,0,0,,
2025-10-21,62.94,68.19,62.42,68.0,2522877.66,16620319.08,74.72,58.5,4.3149999999999995,0,0,,
2025-10-22,66.99,67.0,64.5,65.46,1671916.86,11014894.22,74.72,58.5,4.324285714285714,0,0,,
2025-10-23,64.8,65.02,62.7,63.99,1110253.37,7078123.496,74.72,58.5,4.259285714285713,0,0,,
2025-10-24,65.18,67.7,64.06,67.25,1790207.74,11869082.164,74.72,58.5,4.248571428571427,0,0,,
2025-10-27,69.26,73.58,69.26,72.76,2348792.42,16679873.611,74.72,58.5,4.51142857142857,0,0,,
2025-10-28,71.18,75.76,71.05,73.99,2028041.99,14958411.164,75.76,58.5,4.564999999999999,0,0,,
2025-10-29,78.12,81.39,77.9,80.8,1991939.19,15896272.624,81.39,59.9,4.7457142857142856,1,1,80.8,
2025-10-30,80.0,83.88,77.7,77.97,2408909.5,19314782.838,83.88,59.9,4.863571428571427,0,1,,
2025-10-31,77.95,78.67,71.5,72.0,2462986.64,18180679.395,83.88,61.07,4.989285714285714,0,1,,
2025-11-03,70.36,76.0,70.21,74.89,2143326.27,15719905.804,83.88,62.42,4.944999999999999,0,1,,
2025-11-04,74.77,75.2,72.47,73.49,1312357.53,9664880.743,83.88,62.7,4.7542857142857144,0,1,,
2025-11-05,70.31,75.8,69.87,75.24,1672507.15,12189758.182,83.88,62.7,4.988571428571428,0,1,,
2025-11-06,75.24,76.7,74.1,76.22,1724828.97,13036723.386,83.88,64.06,4.9107142857142865,0,1,,
2025-11-07,74.07,74.5,71.63,72.7,1585420.19,11558342.729,83.88,69.26,4.966428571428572,0,1,,
2025-11-10,72.0,72.21,68.0,71.5,2122825.59,14784377.56,83.88,68.0,4.864285714285716,0,1,,
2025-11-11,72.0,72.06,68.0,68.03,1409352.64,9758753.282,83.88,68.0,4.904285714285716,0,1,,
2025-11-12,66.45,69.55,65.66,68.6,1369681.8,9283976.951,83.88,65.66,4.985000000000001,0,1,,
2025-11-13,67.58,68.87,66.19,67.99,1216655.89,8199301.373,83.88,65.66,4.911428571428573,0,1,,
2025-11-14,65.8,66.49,64.26,64.27,1550451.96,10095924.261,83.88,64.26,4.725714285714288,-1,0,,64.27
2025-11-17,64.39,66.49,64.32,64.94,1162680.89,7593007.713,83.88,64.26,4.547857142857144,0,0,,
2025-11-18,63.65,66.5,63.2,64.72,1146975.38,7466283.351,83.88,63.2,4.255000000000001,0,0,,
2025-11-19,64.5,66.62,64.2,65.06,1456366.42,9533078.295,83.88,63.2,3.9864285714285725,0,0,,
2025-11-20,68.06,68.33,65.0,65.94,1421753.76,9427698.402,83.88,63.2,3.712142857142858,0,0,,
2025-11-21,63.05,63.45,60.08,60.67,1902893.43,11707877.589,83.88,60.08,3.7171428571428575,-1,0,,60.67
2025-11-24,61.0,61.8,54.6,55.94,3320090.71,18723572.081,83.88,54.6,4.036428571428571,0,0,,
2025-11-25,56.36,58.34,56.16,56.61,2262144.44,12916587.348,83.88,54.6,3.784285714285715,0,0,,
2025-11-26,55.31,61.1,55.02,58.93,2812842.86,16345298.899,83.88,54.6,4.032857142857143,0,0,,
2025-11-27,60.02,63.45,59.91,60.27,2758874.64,17029728.373,78.67,54.6,4.027857142857143,0,0,,
2025-11-28,60.24,60.76,59.02,60.72,1667787.85,10007823.545,76.7,54.6,3.816428571428571,0,0,,
2025-12-01,60.03,60.21,58.0,59.81,1807887.0,10722486.46,76.7,54.6,3.7207142857142848,0,0,,
2025-12-02,59.83,62.7,59.72,60.96,2091277.21,12795589.25,76.7,54.6,3.6557142857142852,0,0,,
2025-12-03,61.0,62.77,61.0,61.68,1865931.18,11572935.737,76.7,54.6,3.5935714285714275,0,0,,
2025-12-04,60.88,62.96,59.68,61.4,1570774.68,9625767.961,74.5,54.6,3.5614285714285714,0,0,,
2025-12-05,61.99,62.26,60.0,61.12,1305590.29,7989114.088,72.21,54.6,3.564285714285714,0,0,,
2025-12-08,60.75,64.27,60.38,63.41,2410753.71,15117129.371,72.06,55.02,3.606428571428571,0,0,,
2025-12-09,64.0,68.38,63.18,67.99,2938039.72,19562027.296,69.55,55.02,3.8049999999999993,0,0,,
2025-12-10,66.84,66.96,64.0,65.21,2195275.24,14245136.589,68.87,58.0,3.852142857142856,0,0,,
2025-12-11,64.01,64.88,61.61,62.3,1920906.69,12140309.727,68.38,58.0,3.6907142857142845,0,0,,
2025-12-12,61.0,62.5,59.86,61.75,1685143.61,10301366.982,68.38,58.0,3.364999999999999,0,0,,
2025-12-15,59.5,60.68,59.11,59.14,1374057.76,8203956.641,68.38,59.11,3.382142857142856,0,0,,
2025-12-16,58.95,60.32,58.38,58.95,1294221.0,7675208.175,68.38,58.38,3.08642857142857,-1,0,,58.95
2025-12-17,59.1,61.56,58.68,61.5,1622526.39,9798305.828,68.38,58.38,2.969285714285713,0,0,,
2025-12-18,59.56,59.86,58.25,58.28,1761502.13,10379614.296,68.38,58.25,3.077142857142856,-1,0,,58.28
2025-12-19,59.19,59.22,57.74,58.3,990077.15,5794317.5,68.38,57.74,2.988571428571427,0,0,,
2025-12-22,59.47,61.0,59.12,60.62,1764852.82,10628028.374,68.38,57.74,2.968571428571427,0,0,,
2025-12-23,60.56,63.38,60.32,62.86,2164937.55,13545831.355,68.38,57.74,3.0578571428571415,0,0,,
2025-12-24,64.18,66.0,63.59,65.14,2178730.34,14124843.136,68.38,57.74,3.0478571428571413,0,0,,
2025-12-25,65.4,68.15,65.4,66.72,2022245.28,13545522.35,68.38,57.74,3.1014285714285705,0,0,,
2025-12-26,66.5,66.5,63.8,63.84,1929297.4,12420981.635,68.38,57.74,3.032142857142857,0,0,,
2025-12-29,63.74,66.39,63.73,65.24,1884924.24,12359241.737,68.38,57.74,2.850714285714286,0,0,,
2025-12-30,63.8,65.3,63.01,64.23,1492961.67,9567558.935,68.38,57.74,2.729285714285715,0,0,,
2025-12-31,64.24,64.54,61.86,62.05,1564103.78,9816587.478,68.38,57.74,2.66357142857143,0,0,,
2026-01-05,63.29,64.28,62.71,63.67,1593405.65,10131702.308,68.38,57.74,2.634285714285716,0,0,,
2026-01-06,63.67,64.97,62.86,64.05,1708615.19,10875605.983,68.38,59.12,2.596428571428573,0,0,,
2026-01-07,63.41,64.66,62.6,63.15,1657003.24,10505069.732,68.38,60.32,2.6050000000000013,0,0,,
2026-01-08,63.31,63.47,61.07,61.33,1859715.26,11514884.182,68.15,61.07,2.570714285714287,0,0,,
2026-01-09,60.5,61.75,60.05,61.48,1565320.98,9545355.899,68.15,60.05,2.4600000000000013,0,0,,
2026-01-12,61.49,61.7,59.75,60.93,2110816.25,12764097.982,68.15,59.75,2.4935714285714305,0,0,,
2026-01-13,60.78,61.73,59.09,59.43,1930316.06,11626275.822,68.15,59.09,2.489285714285715,-1,0,,59.43
2026-01-14,60.1,60.49,59.37,60.0,1562401.85,9382960.104,68.15,59.09,2.350714285714287,0,0,,
2026-01-15,59.3,61.0,58.89,60.79,1426215.11,8569045.663,68.15,58.89,2.2771428571428585,0,0,,
2026-01-16,61.2,64.0,61.2,63.0,2625962.71,16419501.558,68.15,58.89,2.2914285714285723,0,0,,
2026-01-19,62.11,62.18,60.71,60.9,1883890.09,11531498.547,68.15,58.89,2.2464285714285723,0,0,,
2026-01-20,60.3,60.45,58.8,59.67,1395115.12,8288321.804,68.15,58.8,2.206428571428572,0,0,,
2026-01-21,58.71,61.79,58.7,61.56,1734935.93,10542404.628,68.15,58.7,2.263571428571429,0,0,,
2026-01-22,61.69,63.0,60.79,62.75,2218562.97,13776641.286,68.15,58.7,2.23,0,0,,
2026-01-23,62.0,62.05,60.08,60.11,2032992.33,12294797.171,68.15,58.7,2.261428571428571,0,0,,
2026-01-26,60.09,60.09,59.01,59.26,1178430.7,6991157.495,66.5,58.7,2.189285714285714,0,0,,
2026-01-27,59.51,62.0,58.7,60.97,2123444.95,12908317.103,66.39,58.7,2.277857142857143,0,0,,
2026-01-28,62.3,62.64,60.11,60.69,1719901.22,10559474.461,65.3,58.7,2.2871428571428574,0,0,,
2026-01-29,60.68,60.88,56.88,57.6,3245544.03,19026938.369,64.97,56.88,2.4514285714285715,-1,0,,57.6
2026-01-30,57.0,58.0,55.62,57.7,1731944.49,9842501.365,64.97,55.62,2.482142857142857,0,0,,
2026-02-02,56.8,57.5,55.67,55.68,1563503.48,8818528.987,64.97,55.62,2.438571428571429,0,0,,
2026-02-03,56.3,56.42,54.03,55.75,1675102.56,9241044.779,64.66,54.03,2.5292857142857144,0,0,,
2026-02-04,54.69,54.78,52.6,53.41,1890656.43,10116227.141,64.0,52.6,2.6035714285714286,-1,0,,53.41
2026-02-05,52.27,54.32,52.2,53.88,1443856.46,7764330.346,64.0,52.2,2.525714285714286,0,0,,
2026-02-06,53.0,55.48,52.41,54.4,1377722.02,7455379.489,64.0,52.2,2.5814285714285714,0,0,,
2026-02-09,56.2,56.5,55.31,55.52,1400986.39,7821090.847,64.0,52.2,2.5814285714285714,0,0,,
2026-02-10,55.73,56.99,55.58,56.07,1113030.19,6274389.648,64.0,52.2,2.4657142857142857,0,0,,
2026-02-11,55.6,56.12,55.01,55.2,750771.86,4155196.768,64.0,52.2,2.3871428571428575,0,0,,
2026-02-12,55.35,55.96,54.52,55.33,834276.28,4602131.757,64.0,52.2,2.299285714285714,0,0,,
2026-02-13,54.45,55.75,54.2,54.75,687645.97,3783935.4,63.0,52.2,2.331428571428571,0,0,,
2026-02-24,55.41,56.09,54.9,55.38,1075009.87,5974129.887,63.0,52.2,2.1914285714285713,0,0,,
2026-02-25,55.81,57.58,55.7,57.39,1699411.69,9646922.041,63.0,52.2,2.1678571428571423,0,0,,
2026-02-26,57.4,58.54,56.3,57.95,1627259.55,9381200.542,63.0,52.2,2.042142857142857,0,0,,
2026-02-27,56.3,56.44,55.1,55.7,1701811.86,9452131.332,62.64,52.41,2.075714285714285,0,0,,
2026-03-02,54.0,56.0,53.84,55.53,1184120.05,6514506.279,62.64,53.84,2.0849999999999995,0,0,,
2026-03-03,55.84,57.8,54.88,54.88,1932188.49,10900358.312,62.64,53.84,2.122857142857142,0,0,,
2026-03-04,53.98,55.16,53.51,53.76,1075282.29,5812734.183,62.64,53.51,2.0157142857142847,-1,0,,53.76
2026-03-05,54.79,56.26,54.33,55.1,1362380.15,7536714.792,60.88,53.51,2.042857142857142,0,0,,
2026-03-06,54.8,54.9,53.8,54.33,869297.91,4715933.837,58.54,53.51,1.9164285714285707,0,0,,
2026-03-09,52.76,52.94,51.21,52.79,1694578.5,8790865.611,58.54,51.21,1.9892857142857134,-1,0,,52.79
2026-03-10,53.63,54.38,53.4,54.36,1173850.56,6334070.661,58.54,51.21,1.9978571428571423,0,0,,
2026-03-11,54.7,54.99,53.6,53.89,1220073.45,6604832.935,58.54,51.21,2.0178571428571423,0,0,,
2026-03-12,53.9,54.78,52.22,52.54,1410060.96,7525158.919,58.54,51.21,2.097857142857143,0,0,,
2026-03-13,52.02,53.17,52.01,52.49,941797.92,4954742.371,58.54,51.21,2.0700000000000003,0,0,,
2026-03-16,52.18,52.74,51.5,52.7,1010045.02,5253463.754,58.54,51.21,2.062857142857143,0,0,,
2026-03-17,52.99,53.18,50.87,50.9,1319376.0,6852068.262,58.54,50.87,2.070714285714286,-1,0,,50.9
2026-03-18,51.3,52.14,50.85,52.06,1174776.31,6043832.732,58.54,50.85,2.002857142857143,0,0,,
2026-03-19,51.0,51.29,50.2,50.46,1056018.48,5355120.885,58.54,50.2,1.9321428571428574,-1,0,,50.46
2026-03-20,50.98,52.45,50.21,50.3,1544521.25,7926093.368,58.54,50.2,1.9378571428571436,0,0,,
2026-03-23,48.95,49.09,47.35,47.6,1370951.23,6598957.078,58.54,47.35,1.9400000000000008,-1,0,,47.6
2026-03-24,48.57,48.88,47.49,48.84,1107628.99,5341877.103,58.54,47.35,1.9214285714285724,0,0,,
2026-03-25,49.39,51.0,49.02,50.31,1264703.38,6338624.656,58.54,47.35,1.897142857142858,0,0,,
2026-03-26,50.0,51.5,49.57,49.74,1072890.28,5412614.174,57.8,47.35,1.9421428571428574,0,0,,
2026-03-27,48.63,49.9,48.4,49.53,784644.89,3859064.96,57.8,47.35,1.826428571428572,0,0,,
2026-03-30,48.46,49.29,48.33,49.27,662623.88,3236146.194,57.8,47.35,1.7985714285714292,0,0,,
2026-03-31,49.0,52.85,48.53,51.46,2386740.08,12272913.185,56.26,47.35,2.0078571428571435,0,0,,
2026-04-01,53.0,53.5,51.47,53.32,2154300.14,11336940.98,56.26,47.35,1.9707142857142859,0,0,,
2026-04-02,52.66,54.45,51.75,52.0,1571750.51,8293713.011,54.99,47.35,2.080714285714286,0,0,,
2026-04-03,52.6,53.18,52.0,52.18,1045400.59,5487285.897,54.99,47.35,2.0764285714285715,0,0,,
2026-04-07,52.98,54.0,52.0,52.58,1205863.93,6393557.117,54.99,47.49,2.0542857142857143,0,0,,
2026-04-08,54.16,56.61,53.38,56.61,2517587.12,13875060.959,56.61,48.33,2.25,1,1,56.61,
2026-04-09,55.0,55.81,54.8,55.02,1553886.73,8582699.872,56.61,48.33,2.2464285714285714,0,1,,
2026-04-10,55.6,57.27,55.33,56.52,1909440.86,10791045.831,57.27,48.33,2.2471428571428573,0,1,,
2026-04-13,56.0,56.55,55.4,55.7,1357148.72,7584957.099,57.27,48.33,2.1185714285714288,0,1,,
2026-04-14,56.47,59.29,56.13,58.92,2549506.77,14856724.142,59.29,48.53,2.275714285714286,1,1,58.92,
2026-04-15,59.36,59.97,57.2,57.82,1973741.23,11572417.274,59.97,51.47,2.3192857142857144,0,1,,
2026-04-16,57.99,59.99,57.4,59.32,1805236.24,10650559.627,59.99,51.75,2.3664285714285715,0,1,,
2026-04-17,59.6,61.2,58.98,60.97,1878179.0,11395671.421,61.2,52.0,2.4178571428571436,1,1,60.97,
2026-04-20,61.89,63.33,61.01,61.51,2131508.19,13190136.943,63.33,52.0,2.500714285714286,0,1,,
2026-04-21,60.97,61.5,59.87,61.41,1392036.61,8465551.016,63.33,53.38,2.3092857142857146,0,1,,
2026-04-22,61.19,67.55,61.03,66.89,3160831.51,20397857.326,67.55,54.8,2.6292857142857144,1,1,66.89,
2026-04-23,66.98,69.1,66.66,67.92,2777452.7,18794971.863,69.1,55.33,2.6107142857142853,0,1,,
2026-04-24,66.57,67.21,63.67,65.01,2646640.0,17269488.356,69.1,55.4,2.8299999999999996,0,1,,
2026-04-27,66.01,68.0,65.38,67.25,2358367.37,15753240.739,69.1,56.13,2.9007142857142854,0,1,,
2026-04-28,67.25,68.99,66.92,68.2,2371395.7,16104810.976,69.1,57.2,2.760714285714285,0,1,,
2026-04-29,67.77,67.77,64.0,66.26,2823038.67,18504468.732,69.1,57.4,2.93142857142857,0,1,,
2026-04-30,65.9,66.2,62.71,62.88,2924075.06,18634450.951,69.1,58.98,3.0242857142857136,0,1,,
2026-05-06,63.28,63.88,61.74,63.08,2652837.91,16736719.749,69.1,59.87,3.0949999999999993,0,1,,
2026-05-07,64.09,64.59,63.0,64.18,2103299.65,13456075.113,69.1,59.87,2.952142857142857,0,1,,
2026-05-08,63.0,64.2,62.77,63.28,1620171.35,10254090.368,69.1,61.03,2.8564285714285718,0,1,,
2026-05-11,64.2,65.87,63.0,65.85,2724029.49,17645516.254,69.1,61.74,2.876428571428572,0,1,,
2026-05-12,65.87,65.9,63.23,64.4,2135259.06,13728801.889,69.1,61.74,2.908571428571429,0,1,,
2026-05-13,64.1,70.84,63.86,70.84,4073569.86,28051301.354,70.84,61.74,3.2385714285714293,1,1,70.84,
2026-05-14,74.0,74.0,67.28,68.6,4017451.79,28126042.207,74.0,61.74,3.601428571428572,0,1,,
2026-05-15,69.5,71.76,67.37,67.62,3425679.07,23796804.494,74.0,61.74,3.449285714285715,0,1,,
2026-05-18,65.88,70.23,64.95,68.98,2518482.16,17163107.305,74.0,61.74,3.6521428571428585,0,1,,
2026-05-19,68.3,69.04,66.4,68.56,1914640.5,12976776.949,74.0,61.74,3.5371428571428583,0,1,,
2026-05-20,68.2,68.49,66.5,68.15,2102607.12,14152923.401,74.0,62.77,3.4707142857142874,0,1,,
2026-05-21,69.2,69.5,65.0,65.5,2096550.16,14161386.862,74.0,62.77,3.6442857142857163,0,1,,
2026-05-22,66.11,67.66,64.5,67.16,1947455.16,12964388.899,74.0,63.0,3.5700000000000016,0,1,,
2026-05-25,68.0,70.5,67.3,70.3,2659916.65,18455962.193,74.0,63.23,3.555000000000002,0,1,,
2026-05-26,69.86,70.8,68.0,69.98,2189252.69,15170852.152,74.0,63.86,3.6021428571428586,0,1,,
2026-05-27,69.9,73.74,69.69,70.08,2892365.94,20706825.172,74.0,64.5,3.777857142857144,0,1,,
2026-05-28,70.0,76.28,68.89,75.0,3616912.76,26437566.091,76.28,64.5,4.20357142857143,1,1,75.0,
2026-05-29,78.75,79.63,73.1,73.4,3593584.19,27385462.209,79.63,64.5,4.465000000000001,0,1,,
2026-06-01,75.2,76.5,72.19,73.75,3013251.04,22439242.13,79.63,64.5,4.582142857142857,0,1,,
2026-06-02,75.0,81.11,73.85,80.01,3778912.46,29404852.121,81.11,64.5,4.609285714285714,1,1,80.01,
2026-06-03,79.95,84.95,78.43,81.05,3866135.72,31591777.538,84.95,64.5,4.595,0,1,,
2026-06-04,80.0,80.86,77.35,78.55,2805857.33,22120464.645,84.95,64.5,4.545714285714285,0,1,,
2026-06-05,77.5,78.21,73.1,74.06,2616486.09,19787640.639,84.95,67.3,4.557857142857143,0,1,,
2026-06-08,69.99,73.3,69.34,70.48,1973161.48,14013578.688,84.95,68.0,4.706428571428572,0,1,,
2026-06-09,71.99,74.88,70.88,74.74,2025785.79,14788287.833,84.95,68.89,4.873571428571428,0,1,,
2026-06-10,72.9,73.5,70.25,71.13,1464118.22,10529777.25,84.95,68.89,4.872857142857142,0,1,,
2026-06-11,69.82,71.55,68.2,69.52,1484767.02,10344069.361,84.95,68.2,4.88642857142857,0,1,,
2026-06-12,71.94,72.26,70.0,70.13,1465028.28,10432761.744,84.95,68.2,4.843571428571428,0,1,,
2026-06-15,71.47,73.4,70.48,73.4,1626218.17,11779207.886,84.95,68.2,4.877142857142857,0,1,,
2026-06-16,73.4,74.99,72.5,72.9,1741994.98,12770877.348,84.95,68.2,4.765714285714286,0,1,,
2026-06-17,71.7,72.83,71.0,72.64,1654285.82,11897341.771,84.95,68.2,4.373571428571429,0,1,,
2026-06-18,72.0,79.9,71.95,78.08,4249681.66,33063388.881,84.95,68.2,4.4750000000000005,0,1,,
2026-06-22,78.08,79.41,75.8,78.88,2989520.47,23317728.24,84.95,68.2,4.425,0,1,,
2026-06-23,78.88,78.89,73.7,74.1,2416536.71,18313377.283,84.95,68.2,4.2700000000000005,0,1,,
2026-06-24,73.0,76.99,73.0,76.78,2147290.06,16215753.143,84.95,68.2,4.089285714285714,0,1,,
2026-06-25,77.59,77.7,74.85,76.99,1961812.98,14951305.125,84.95,68.2,4.028571428571429,0,1,,
2026-06-26,75.0,75.0,70.0,70.22,2623513.47,18933025.618,84.95,70.0,4.138571428571429,0,1,,
2026-06-29,69.3,71.46,66.5,69.61,1964969.92,13558013.854,84.95,66.5,4.155714285714285,-1,0,,69.61
2026-06-30,69.56,72.96,69.18,72.15,1637705.62,11723794.622,84.95,66.5,4.11142857142857,0,0,,
2026-07-01,73.0,73.88,69.5,70.0,1629668.34,11646584.106,84.95,66.5,4.103571428571428,0,0,,
2026-07-02,67.46,67.47,63.63,64.02,1935914.5,12656687.222,80.86,63.63,4.319285714285714,-1,0,,64.02
2026-07-03,63.5,66.22,62.99,64.72,1301297.24,8461745.562,79.9,62.99,4.354285714285713,0,0,,
2026-07-06,65.77,66.0,61.5,63.59,1231123.32,7815327.977,79.9,61.5,4.442142857142855,0,0,,
2026-07-07,63.17,64.65,62.5,63.78,958988.98,6117004.011,79.9,61.5,4.417857142857142,0,0,,
2026-07-08,65.0,67.57,64.32,66.01,1803771.05,11892708.83,79.9,61.5,4.552857142857141,0,0,,
2026-07-09,66.61,69.66,65.61,69.53,1736829.47,11766028.778,79.9,61.5,4.274285714285711,0,0,,
2026-07-10,71.0,71.0,66.2,66.27,2082384.07,14277350.494,79.9,61.5,4.359285714285711,0,0,,
