date,open,high,low,close,volume,amount,ma_short,ma_long,signal,position,buy_signal,sell_signal,name,ticker
2023-07-03,1.314,1.319,1.262,1.296,209972905,270993020,,,0,0,,,通信ETF,515880.SH
2023-07-04,1.288,1.32,1.283,1.306,138693400,181025871,,,0,0,,,通信ETF,515880.SH
2023-07-05,1.3,1.307,1.268,1.273,204949923,262898426,,,0,0,,,通信ETF,515880.SH
2023-07-06,1.269,1.304,1.262,1.278,175036394,225942775,,,0,0,,,通信ETF,515880.SH
2023-07-07,1.268,1.287,1.239,1.273,149451100,189449075,1.2852000000000001,,0,0,,,通信ETF,515880.SH
2023-07-10,1.274,1.278,1.24,1.256,134748760,169131435,1.2772,,-1,0,,,通信ETF,515880.SH
2023-07-11,1.255,1.285,1.252,1.279,134098300,170323265,1.2718,,-1,0,,,通信ETF,515880.SH
2023-07-12,1.276,1.276,1.213,1.216,485736300,599077577,1.2604,,-1,0,,,通信ETF,515880.SH
2023-07-13,1.222,1.266,1.219,1.262,183610900,227074532,1.2571999999999999,,-1,0,,,通信ETF,515880.SH
2023-07-14,1.281,1.318,1.275,1.305,182760491,236601650,1.2635999999999998,,-1,0,,,通信ETF,515880.SH
2023-07-17,1.292,1.321,1.291,1.311,169604400,221549114,1.2746,,-1,0,,,通信ETF,515880.SH
2023-07-18,1.304,1.309,1.273,1.276,131089800,169004173,1.2739999999999998,,-1,0,,,通信ETF,515880.SH
2023-07-19,1.282,1.292,1.261,1.263,93031223,118346001,1.2833999999999999,,-1,0,,,通信ETF,515880.SH
2023-07-20,1.263,1.264,1.19,1.198,178062531,217892329,1.2706,,-1,0,,,通信ETF,515880.SH
2023-07-21,1.19,1.202,1.178,1.195,124523028,148426896,1.2486000000000002,1.2657999999999998,-1,0,,,通信ETF,515880.SH
2023-07-24,1.184,1.23,1.183,1.204,174734600,211138009,1.2272,1.2596666666666667,-1,0,,,通信ETF,515880.SH
2023-07-25,1.212,1.238,1.199,1.217,176316632,214527974,1.2154,1.2537333333333334,-1,0,,,通信ETF,515880.SH
2023-07-26,1.212,1.212,1.178,1.189,134229707,160012282,1.2006000000000001,1.2481333333333333,-1,0,,,通信ETF,515880.SH
2023-07-27,1.183,1.194,1.167,1.175,160288177,189379519,1.1960000000000002,1.2412666666666667,-1,0,,,通信ETF,515880.SH
2023-07-28,1.17,1.188,1.165,1.178,214343573,252031391,1.1925999999999999,1.2349333333333334,-1,0,,,通信ETF,515880.SH
2023-07-31,1.167,1.192,1.167,1.178,133875600,158134263,1.1873999999999998,1.2297333333333333,-1,0,,,通信ETF,515880.SH
2023-08-01,1.17,1.207,1.164,1.203,227529456,271120783,1.1846,1.2246666666666668,-1,0,,,通信ETF,515880.SH
2023-08-02,1.197,1.211,1.192,1.2,96466500,115872430,1.1868,1.2236,-1,0,,,通信ETF,515880.SH
2023-08-03,1.19,1.205,1.179,1.19,138373700,164640932,1.1898,1.2188,-1,0,,,通信ETF,515880.SH
2023-08-04,1.183,1.232,1.183,1.23,227603109,276160456,1.2002,1.2138,-1,0,,,通信ETF,515880.SH
2023-08-07,1.23,1.264,1.212,1.224,321810700,398663889,1.2094,1.208,1,1,1.224,,通信ETF,515880.SH
2023-08-08,1.218,1.233,1.203,1.204,187691291,228064113,1.2096,1.2032,1,1,,,通信ETF,515880.SH
2023-08-09,1.195,1.2,1.162,1.168,230713000,271928472,1.2032,1.1968666666666665,1,1,,,通信ETF,515880.SH
2023-08-10,1.156,1.164,1.143,1.152,140070891,161240793,1.1956,1.1938,1,1,,,通信ETF,515880.SH
2023-08-11,1.153,1.162,1.132,1.135,94237000,108253356,1.1766,1.1898000000000002,-1,0,,1.135,通信ETF,515880.SH
2023-08-14,1.124,1.144,1.118,1.143,121165600,136832027,1.1603999999999999,1.1857333333333335,-1,0,,,通信ETF,515880.SH
2023-08-15,1.153,1.164,1.124,1.133,144338300,165405633,1.1461999999999999,1.1801333333333333,-1,0,,,通信ETF,515880.SH
2023-08-16,1.122,1.127,1.102,1.109,156498800,174015511,1.1343999999999999,1.1748,-1,0,,,通信ETF,515880.SH
2023-08-17,1.103,1.129,1.09,1.122,167329000,186715449,1.1283999999999998,1.171266666666667,-1,0,,,通信ETF,515880.SH
2023-08-18,1.121,1.122,1.085,1.086,129146100,142008518,1.1186,1.1651333333333334,-1,0,,,通信ETF,515880.SH
2023-08-21,1.082,1.111,1.082,1.089,143976300,157893490,1.1078,1.1591999999999998,-1,0,,,通信ETF,515880.SH
2023-08-22,1.103,1.137,1.092,1.136,214758800,239700786,1.1084,1.1547333333333334,-1,0,,,通信ETF,515880.SH
2023-08-23,1.126,1.126,1.088,1.091,180594800,198794991,1.1048,1.1474666666666666,-1,0,,,通信ETF,515880.SH
2023-08-24,1.111,1.123,1.09,1.099,186986300,206649377,1.1002,1.1414,-1,0,,,通信ETF,515880.SH
2023-08-25,1.077,1.077,1.039,1.045,151687100,160124419,1.092,1.1290666666666667,-1,0,,,通信ETF,515880.SH
2023-08-28,1.1,1.102,1.062,1.063,191859400,206817468,1.0868,1.1183333333333332,-1,0,,,通信ETF,515880.SH
2023-08-29,1.06,1.111,1.053,1.104,160584100,174797824,1.0804,1.1116666666666668,-1,0,,,通信ETF,515880.SH
2023-08-30,1.107,1.139,1.106,1.122,156162517,175552712,1.0866,1.1086,-1,0,,,通信ETF,515880.SH
2023-08-31,1.118,1.131,1.111,1.124,155396200,174509392,1.0916000000000001,1.1067333333333333,-1,0,,,通信ETF,515880.SH
2023-09-01,1.12,1.123,1.097,1.106,108363700,120022622,1.1038000000000001,1.1048,-1,0,,,通信ETF,515880.SH
2023-09-04,1.107,1.122,1.1,1.121,143591600,159500754,1.1154,1.1033333333333333,1,1,1.121,,通信ETF,515880.SH
2023-09-05,1.118,1.118,1.096,1.102,132834600,146625036,1.115,1.1012666666666668,1,1,,,通信ETF,515880.SH
2023-09-06,1.093,1.11,1.081,1.106,113442337,124086064,1.1118000000000001,1.1010666666666669,1,1,,,通信ETF,515880.SH
2023-09-07,1.106,1.106,1.076,1.078,107640637,116935584,1.1026,1.0981333333333334,1,1,,,通信ETF,515880.SH
2023-09-08,1.068,1.092,1.061,1.085,120668691,130371314,1.0984,1.0980666666666667,1,1,,,通信ETF,515880.SH
2023-09-11,1.086,1.125,1.082,1.111,154575900,170354229,1.0964000000000003,1.0995333333333333,-1,0,,1.111,通信ETF,515880.SH
2023-09-12,1.102,1.12,1.098,1.11,90679400,100580647,1.098,1.0978,1,1,1.11,,通信ETF,515880.SH
2023-09-13,1.095,1.106,1.076,1.084,117788700,128098329,1.0936000000000001,1.0973333333333335,-1,0,,1.084,通信ETF,515880.SH
2023-09-14,1.083,1.104,1.079,1.085,116670958,127411052,1.0950000000000002,1.0964,-1,0,,,通信ETF,515880.SH
2023-09-15,1.085,1.086,1.057,1.064,103033400,110152952,1.0908000000000002,1.0976666666666666,-1,0,,,通信ETF,515880.SH
2023-09-18,1.056,1.073,1.052,1.055,127178300,134855531,1.0796,1.0971333333333333,-1,0,,,通信ETF,515880.SH
2023-09-19,1.051,1.057,1.032,1.043,102457014,106857569,1.0662,1.0930666666666666,-1,0,,,通信ETF,515880.SH
2023-09-20,1.042,1.061,1.04,1.04,134328514,140984192,1.0574,1.0876,-1,0,,,通信ETF,515880.SH
2023-09-21,1.034,1.064,1.033,1.046,132366600,139238991,1.0495999999999999,1.0824,-1,0,,,通信ETF,515880.SH
2023-09-22,1.041,1.111,1.04,1.11,253935888,275173048,1.0588,1.0826666666666667,-1,0,,,通信ETF,515880.SH
2023-09-25,1.109,1.11,1.086,1.093,173092817,190005417,1.0664,1.0808,-1,0,,,通信ETF,515880.SH
2023-09-26,1.093,1.114,1.088,1.096,199637700,219752501,1.077,1.0804,-1,0,,,通信ETF,515880.SH
2023-09-27,1.088,1.108,1.088,1.101,127673277,140328060,1.0892,1.0800666666666667,1,1,1.101,,通信ETF,515880.SH
2023-09-28,1.104,1.123,1.103,1.117,183032103,203878889,1.1034000000000002,1.0826666666666667,1,1,,,通信ETF,515880.SH
2023-10-09,1.109,1.12,1.097,1.112,180382533,200211349,1.1038000000000001,1.0844666666666667,1,1,,,通信ETF,515880.SH
2023-10-10,1.112,1.123,1.107,1.119,108343400,120801940,1.109,1.085,1,1,,,通信ETF,515880.SH
2023-10-11,1.119,1.141,1.113,1.132,167153200,188702677,1.1162,1.0864666666666667,1,1,,,通信ETF,515880.SH
2023-10-12,1.134,1.137,1.117,1.122,123062400,138243305,1.1204,1.089,1,1,,,通信ETF,515880.SH
2023-10-13,1.114,1.12,1.102,1.107,109830027,121914714,1.1184,1.0904666666666667,1,1,,,通信ETF,515880.SH
2023-10-16,1.102,1.106,1.083,1.091,111423477,121928840,1.1141999999999999,1.0922666666666667,1,1,,,通信ETF,515880.SH
2023-10-17,1.09,1.1,1.078,1.092,84296804,91743977,1.1088,1.0947333333333333,1,1,,,通信ETF,515880.SH
2023-10-18,1.076,1.077,1.05,1.063,140033991,148644113,1.095,1.0960666666666667,-1,0,,1.063,通信ETF,515880.SH
2023-10-19,1.051,1.068,1.043,1.046,96592662,101956155,1.0798,1.0964666666666667,-1,0,,,通信ETF,515880.SH
2023-10-20,1.04,1.053,1.016,1.017,126361456,129914520,1.0617999999999999,1.0945333333333334,-1,0,,,通信ETF,515880.SH
2023-10-23,1.004,1.014,0.98,0.988,146919470,146366390,1.0412000000000001,1.0864,-1,0,,,通信ETF,515880.SH
2023-10-24,0.992,1.006,0.978,0.99,95568511,94712581,1.0208,1.0795333333333332,-1,0,,,通信ETF,515880.SH
2023-10-25,0.986,0.997,0.977,0.981,118992600,117545786,1.0044,1.0718666666666665,-1,0,,,通信ETF,515880.SH
2023-10-26,0.975,1.004,0.972,1.001,123811175,122452230,0.9954000000000001,1.0652,-1,0,,,通信ETF,515880.SH
2023-10-27,0.992,1.004,0.981,1.002,134261450,133157837,0.9924,1.0575333333333332,-1,0,,,通信ETF,515880.SH
2023-10-30,0.996,1.02,0.99,1.017,170332246,171302873,0.9982,1.0512,-1,0,,,通信ETF,515880.SH
2023-10-31,1.013,1.016,0.992,1.001,111579823,111710568,1.0004,1.0433333333333332,-1,0,,,通信ETF,515880.SH
2023-11-01,1.001,1.008,0.989,0.993,80903900,80557402,1.0028,1.0340666666666667,-1,0,,,通信ETF,515880.SH
2023-11-02,1.0,1.002,0.983,0.983,76667300,76181993,0.9992000000000001,1.0248,-1,0,,,通信ETF,515880.SH
2023-11-03,0.983,1.014,0.983,1.009,165485800,166344676,1.0006,1.0182666666666667,-1,0,,,通信ETF,515880.SH
2023-11-06,1.017,1.034,1.011,1.033,175861200,180117086,1.0038,1.0144,-1,0,,,通信ETF,515880.SH
2023-11-07,1.031,1.065,1.02,1.054,226916700,236540962,1.0143999999999997,1.0118666666666667,1,1,1.054,,通信ETF,515880.SH
2023-11-08,1.051,1.06,1.041,1.052,182940400,192088494,1.0262,1.0111333333333332,1,1,,,通信ETF,515880.SH
2023-11-09,1.052,1.066,1.043,1.056,145577700,153485594,1.0408,1.0118,1,1,,,通信ETF,515880.SH
2023-11-10,1.049,1.063,1.045,1.048,110046000,115912136,1.0486,1.0138666666666665,1,1,,,通信ETF,515880.SH
2023-11-13,1.058,1.085,1.058,1.076,180689900,193907036,1.0572,1.0197333333333334,1,1,,,通信ETF,515880.SH
2023-11-14,1.077,1.091,1.071,1.083,93332500,100839316,1.063,1.0259333333333334,1,1,,,通信ETF,515880.SH
2023-11-15,1.094,1.097,1.069,1.082,114633000,123657873,1.0690000000000002,1.0326666666666666,1,1,,,通信ETF,515880.SH
2023-11-16,1.078,1.081,1.061,1.062,102916600,110316487,1.0702,1.0367333333333333,1,1,,,通信ETF,515880.SH
2023-11-17,1.056,1.085,1.056,1.082,149000993,159776893,1.077,1.0420666666666667,1,1,,,通信ETF,515880.SH
2023-11-20,1.082,1.088,1.067,1.08,104847000,112999042,1.0777999999999999,1.0462666666666667,1,1,,,通信ETF,515880.SH
2023-11-21,1.081,1.088,1.062,1.068,81718900,87793382,1.0748000000000002,1.0507333333333333,1,1,,,通信ETF,515880.SH
2023-11-22,1.062,1.063,1.037,1.039,107566292,112698303,1.0661999999999998,1.0538,1,1,,,通信ETF,515880.SH
2023-11-23,1.035,1.05,1.029,1.047,83574900,86901365,1.0632000000000001,1.0580666666666667,1,1,,,通信ETF,515880.SH
2023-11-24,1.049,1.049,1.02,1.025,129556100,133402073,1.0517999999999998,1.0591333333333333,-1,0,,1.025,通信ETF,515880.SH
2023-11-27,1.023,1.036,1.019,1.031,68918100,70772626,1.042,1.059,-1,0,,,通信ETF,515880.SH
2023-11-28,1.027,1.032,1.018,1.029,59710800,61202295,1.0341999999999998,1.0573333333333332,-1,0,,,通信ETF,515880.SH
2023-11-29,1.025,1.033,1.019,1.022,66264700,67967161,1.0308,1.0553333333333332,-1,0,,,通信ETF,515880.SH
2023-11-30,1.02,1.024,1.009,1.019,64255210,65369570,1.0252,1.0528666666666668,-1,0,,,通信ETF,515880.SH
2023-12-01,1.016,1.048,1.011,1.042,114764510,118264968,1.0286,1.0524666666666667,-1,0,,,通信ETF,515880.SH
2023-12-04,1.042,1.053,1.032,1.036,120003900,125222033,1.0295999999999998,1.0498,-1,0,,,通信ETF,515880.SH
2023-12-05,1.032,1.034,1.008,1.009,93345960,95644459,1.0256,1.0448666666666666,-1,0,,,通信ETF,515880.SH
2023-12-06,1.004,1.016,1.002,1.006,66990800,67509197,1.0224,1.0398,-1,0,,,通信ETF,515880.SH
2023-12-07,1.008,1.023,1.003,1.018,111417447,112929267,1.0222,1.0368666666666668,-1,0,,,通信ETF,515880.SH
2023-12-08,1.019,1.073,1.014,1.063,250049800,263282663,1.0264,1.0355999999999999,-1,0,,,通信ETF,515880.SH
2023-12-11,1.056,1.077,1.042,1.076,175934300,186120381,1.0344000000000002,1.0353333333333332,-1,0,,,通信ETF,515880.SH
2023-12-12,1.07,1.075,1.05,1.06,187994483,200127458,1.0446,1.0348,1,1,1.06,,通信ETF,515880.SH
2023-12-13,1.057,1.061,1.042,1.042,122947800,129480401,1.0518,1.035,1,1,,,通信ETF,515880.SH
2023-12-14,1.05,1.065,1.038,1.043,188551500,198139819,1.0568,1.0347333333333333,1,1,,,通信ETF,515880.SH
2023-12-15,1.042,1.047,1.022,1.029,122930500,126997756,1.05,1.035,1,1,,,通信ETF,515880.SH
2023-12-18,1.022,1.032,1.017,1.02,98878500,101280644,1.0388,1.0342666666666667,1,1,,,通信ETF,515880.SH
2023-12-19,1.016,1.026,1.009,1.021,80582000,81878494,1.0310000000000001,1.0337333333333334,-1,0,,1.021,通信ETF,515880.SH
2023-12-20,1.021,1.022,0.993,0.995,155666100,156359063,1.0215999999999998,1.0319333333333334,-1,0,,,通信ETF,515880.SH
2023-12-21,0.987,1.022,0.984,1.009,134297200,134392689,1.0148,1.0312666666666666,-1,0,,,通信ETF,515880.SH
2023-12-22,1.001,1.016,0.992,0.995,117380000,117881857,1.008,1.0281333333333333,-1,0,,,通信ETF,515880.SH
2023-12-25,0.994,1.01,0.992,1.002,87881700,88055546,1.0044,1.0258666666666667,-1,0,,,通信ETF,515880.SH
2023-12-26,1.002,1.002,0.972,0.979,93398400,91766212,0.9959999999999999,1.0238666666666665,-1,0,,,通信ETF,515880.SH
2023-12-27,0.98,0.989,0.975,0.985,100908600,99128696,0.994,1.0224666666666666,-1,0,,,通信ETF,515880.SH
2023-12-28,0.98,1.02,0.98,1.017,119731900,120059664,0.9955999999999999,1.0224,-1,0,,,通信ETF,515880.SH
2023-12-29,1.015,1.039,1.01,1.034,163309200,168757461,1.0033999999999998,1.0204666666666666,-1,0,,,通信ETF,515880.SH
2024-01-02,1.032,1.035,1.011,1.012,91781465,93843657,1.0054,1.0162,-1,0,,,通信ETF,515880.SH
2024-01-03,1.008,1.011,0.987,0.993,110856865,110774129,1.0082,1.0117333333333332,-1,0,,,通信ETF,515880.SH
2024-01-04,0.993,0.995,0.979,0.984,72131500,71005632,1.0079999999999998,1.0078666666666665,1,1,0.984,,通信ETF,515880.SH
2024-01-05,0.982,0.984,0.95,0.958,135716600,131159900,0.9962,1.0022,-1,0,,0.958,通信ETF,515880.SH
2024-01-08,0.954,0.955,0.932,0.933,93605600,88187138,0.976,0.9957999999999999,-1,0,,,通信ETF,515880.SH
2024-01-09,0.942,0.953,0.933,0.94,89586500,84709576,0.9616,0.9904666666666666,-1,0,,,通信ETF,515880.SH
2024-01-10,0.934,0.943,0.917,0.925,91377700,84852774,0.9480000000000001,0.9840666666666666,-1,0,,,通信ETF,515880.SH
2024-01-11,0.925,0.954,0.925,0.952,102989000,97103290,0.9416,0.9812,-1,0,,,通信ETF,515880.SH
2024-01-12,0.946,0.946,0.929,0.932,80154900,75081610,0.9364000000000001,0.9760666666666666,-1,0,,,通信ETF,515880.SH
2024-01-15,0.922,0.943,0.921,0.933,74323200,69348861,0.9364000000000001,0.9719333333333334,-1,0,,,通信ETF,515880.SH
2024-01-16,0.93,0.937,0.919,0.935,74713500,69352098,0.9353999999999999,0.9674666666666667,-1,0,,,通信ETF,515880.SH
2024-01-17,0.929,0.939,0.917,0.918,85645300,79913850,0.9339999999999999,0.9634,-1,0,,,通信ETF,515880.SH
2024-01-18,0.907,0.962,0.905,0.956,224814600,208979654,0.9348000000000001,0.9614666666666666,-1,0,,,通信ETF,515880.SH
2024-01-19,0.95,0.963,0.948,0.95,134525728,128551938,0.9384,0.9570000000000001,-1,0,,,通信ETF,515880.SH
2024-01-22,0.961,0.965,0.916,0.922,196023891,186102364,0.9362,0.9495333333333332,-1,0,,,通信ETF,515880.SH
2024-01-23,0.919,0.957,0.914,0.95,160499100,151043852,0.9391999999999999,0.9454,-1,0,,,通信ETF,515880.SH
2024-01-24,0.952,0.959,0.916,0.957,193453500,182105414,0.9469999999999998,0.943,1,1,0.957,,通信ETF,515880.SH
2024-01-25,0.953,0.99,0.946,0.99,169669400,164593911,0.9538,0.9434,1,1,,,通信ETF,515880.SH
2024-01-26,0.976,0.982,0.958,0.962,153966300,149429368,0.9561999999999999,0.9436666666666667,1,1,,,通信ETF,515880.SH
2024-01-29,0.96,0.96,0.91,0.912,168994700,156126752,0.9541999999999999,0.9422666666666667,1,1,,,通信ETF,515880.SH
2024-01-30,0.903,0.912,0.882,0.883,161352499,145247820,0.9408,0.9384666666666668,1,1,,,通信ETF,515880.SH
2024-01-31,0.873,0.888,0.86,0.86,124271199,108413175,0.9214,0.9341333333333334,-1,0,,0.86,通信ETF,515880.SH
2024-02-01,0.848,0.909,0.846,0.887,251078544,221644530,0.9008,0.9298000000000001,-1,0,,,通信ETF,515880.SH
2024-02-02,0.881,0.903,0.841,0.863,145162100,127838538,0.881,0.9252,-1,0,,,通信ETF,515880.SH
2024-02-05,0.858,0.881,0.82,0.856,160258736,136647327,0.8698,0.9200666666666667,-1,0,,,通信ETF,515880.SH
2024-02-06,0.831,0.915,0.83,0.914,197281795,174131539,0.876,0.9186666666666666,-1,0,,,通信ETF,515880.SH
2024-02-07,0.914,0.939,0.907,0.935,145421330,135009718,0.891,0.9198000000000001,-1,0,,,通信ETF,515880.SH
2024-02-08,0.94,0.987,0.94,0.961,150229529,145036670,0.9057999999999999,0.9201333333333335,-1,0,,,通信ETF,515880.SH
2024-02-19,0.99,1.047,0.976,1.044,337198089,343046859,0.942,0.9263999999999999,1,1,1.044,,通信ETF,515880.SH
2024-02-20,1.025,1.046,1.012,1.039,255601701,263772693,0.9786000000000001,0.9342000000000001,1,1,,,通信ETF,515880.SH
2024-02-21,1.016,1.042,1.009,1.018,272929010,279717264,0.9994,0.9387333333333333,1,1,,,通信ETF,515880.SH
2024-02-22,1.041,1.049,1.021,1.044,266301314,276497197,1.0211999999999999,0.9445333333333334,1,1,,,通信ETF,515880.SH
2024-02-23,1.06,1.067,1.037,1.047,213429114,224114943,1.0384,0.9483333333333335,1,1,,,通信ETF,515880.SH
2024-02-26,1.037,1.058,1.029,1.045,195791826,205133280,1.0386,0.9538666666666666,1,1,,,通信ETF,515880.SH
2024-02-27,1.04,1.125,1.036,1.115,369771500,402678511,1.0538,0.9673999999999999,1,1,,,通信ETF,515880.SH
2024-02-28,1.115,1.125,1.046,1.047,396436000,434409067,1.0596,0.9783333333333334,1,1,,,通信ETF,515880.SH
2024-02-29,1.047,1.109,1.046,1.105,328059972,356630597,1.0718,0.9946666666666667,1,1,,,通信ETF,515880.SH
2024-03-01,1.106,1.158,1.105,1.152,428441744,485507272,1.0928,1.0123333333333333,1,1,,,通信ETF,515880.SH
2024-03-04,1.17,1.192,1.142,1.179,352591658,412370004,1.1196,1.0333999999999999,1,1,,,通信ETF,515880.SH
2024-03-05,1.159,1.214,1.151,1.17,455446500,539035186,1.1305999999999998,1.0543333333333333,1,1,,,通信ETF,515880.SH
2024-03-06,1.155,1.185,1.154,1.171,308165669,360235779,1.1554,1.0714666666666666,1,1,,,通信ETF,515880.SH
2024-03-07,1.177,1.189,1.141,1.146,364507500,424047729,1.1636000000000002,1.0855333333333332,1,1,,,通信ETF,515880.SH
2024-03-08,1.157,1.212,1.147,1.211,577156366,682209538,1.1754000000000002,1.1021999999999998,1,1,,,通信ETF,515880.SH
2024-03-11,1.175,1.213,1.165,1.208,496562966,588654754,1.1812,1.1131333333333333,1,1,,,通信ETF,515880.SH
2024-03-12,1.198,1.215,1.174,1.191,383312838,456630528,1.1854,1.1232666666666666,1,1,,,通信ETF,515880.SH
2024-03-13,1.208,1.226,1.187,1.19,443871489,535659723,1.1892,1.1347333333333334,1,1,,,通信ETF,515880.SH
2024-03-14,1.165,1.194,1.162,1.183,366378699,431151363,1.1965999999999999,1.144,1,1,,,通信ETF,515880.SH
2024-03-15,1.174,1.217,1.165,1.211,404610899,483100613,1.1966,1.1549333333333331,1,1,,,通信ETF,515880.SH
2024-03-18,1.211,1.248,1.21,1.239,329948680,407679614,1.2028,1.1678666666666666,1,1,,,通信ETF,515880.SH
2024-03-19,1.23,1.249,1.216,1.233,288590113,355518314,1.2112000000000003,1.1757333333333333,1,1,,,通信ETF,515880.SH
2024-03-20,1.226,1.248,1.211,1.225,306366713,374906779,1.2182,1.1876,1,1,,,通信ETF,515880.SH
2024-03-21,1.223,1.235,1.213,1.215,252215000,308730881,1.2246000000000001,1.1949333333333336,1,1,,,通信ETF,515880.SH
2024-03-22,1.209,1.222,1.191,1.203,264622740,319345868,1.223,1.1983333333333335,1,1,,,通信ETF,515880.SH
2024-03-25,1.202,1.219,1.178,1.18,226426651,272251225,1.2112000000000003,1.1984,1,1,,,通信ETF,515880.SH
2024-03-26,1.171,1.195,1.132,1.153,332222596,388632204,1.1952,1.1972666666666667,-1,0,,1.153,通信ETF,515880.SH
2024-03-27,1.146,1.155,1.106,1.108,284022769,319206978,1.1718,1.1930666666666667,-1,0,,,通信ETF,515880.SH
2024-03-28,1.106,1.16,1.106,1.141,293755394,333210208,1.157,1.1927333333333334,-1,0,,,通信ETF,515880.SH
2024-03-29,1.134,1.157,1.118,1.156,289489055,330080113,1.1476000000000002,1.1890666666666667,-1,0,,,通信ETF,515880.SH
2024-04-01,1.16,1.186,1.156,1.185,256477531,300604935,1.1485999999999998,1.1875333333333333,-1,0,,,通信ETF,515880.SH
2024-04-02,1.18,1.187,1.156,1.166,237275116,277647844,1.1512,1.1858666666666666,-1,0,,,通信ETF,515880.SH
2024-04-03,1.16,1.16,1.126,1.128,242689600,275637723,1.1552,1.1817333333333333,-1,0,,,通信ETF,515880.SH
2024-04-08,1.118,1.148,1.115,1.129,265618067,301597829,1.1527999999999998,1.1781333333333335,-1,0,,,通信ETF,515880.SH
2024-04-09,1.128,1.134,1.108,1.128,180830899,202304278,1.1472,1.1726,-1,0,,,通信ETF,515880.SH
2024-04-10,1.118,1.12,1.088,1.093,207200341,227868464,1.1288,1.1628666666666667,-1,0,,,通信ETF,515880.SH
2024-04-11,1.09,1.117,1.09,1.099,211480600,234061547,1.1154,1.1539333333333335,-1,0,,,通信ETF,515880.SH
2024-04-12,1.11,1.154,1.109,1.131,321473900,364015599,1.1159999999999999,1.1476666666666666,-1,0,,,通信ETF,515880.SH
2024-04-15,1.124,1.15,1.121,1.143,222892242,253641559,1.1187999999999998,1.1428666666666665,-1,0,,,通信ETF,515880.SH
2024-04-16,1.129,1.135,1.104,1.105,220213942,246148723,1.1141999999999999,1.1363333333333332,-1,0,,,通信ETF,515880.SH
2024-04-17,1.118,1.154,1.115,1.154,284370437,324486628,1.1263999999999998,1.1345999999999998,-1,0,,,通信ETF,515880.SH
2024-04-18,1.141,1.175,1.126,1.155,273780434,314499723,1.1376,1.1347333333333334,1,1,1.155,,通信ETF,515880.SH
2024-04-19,1.143,1.152,1.111,1.13,253658050,286514435,1.1374,1.1361999999999999,1,1,,,通信ETF,515880.SH
2024-04-22,1.088,1.111,1.07,1.104,241229303,263435611,1.1296000000000002,1.1337333333333333,-1,0,,1.104,通信ETF,515880.SH
2024-04-23,1.106,1.117,1.091,1.099,151444113,167058816,1.1283999999999998,1.1299333333333332,-1,0,,,通信ETF,515880.SH
2024-04-24,1.11,1.147,1.097,1.143,308618007,347907837,1.1262,1.1271333333333333,-1,0,,,通信ETF,515880.SH
2024-04-25,1.129,1.137,1.12,1.124,224717712,253361891,1.1199999999999999,1.1243333333333334,-1,0,,,通信ETF,515880.SH
2024-04-26,1.139,1.192,1.139,1.183,405340681,475264218,1.1306,1.1280000000000001,1,1,1.183,,通信ETF,515880.SH
2024-04-29,1.197,1.209,1.191,1.204,261419969,314032133,1.1506,1.1329999999999998,1,1,,,通信ETF,515880.SH
2024-04-30,1.207,1.214,1.188,1.189,225173680,269723645,1.1686,1.1370666666666667,1,1,,,通信ETF,515880.SH
2024-05-06,1.211,1.218,1.188,1.193,212434202,254561068,1.1785999999999999,1.1437333333333335,1,1,,,通信ETF,515880.SH
2024-05-07,1.199,1.205,1.165,1.18,283677776,335855738,1.1898,1.1491333333333336,1,1,,,通信ETF,515880.SH
2024-05-08,1.17,1.181,1.162,1.167,185449750,216765347,1.1866,1.1515333333333333,1,1,,,通信ETF,515880.SH
2024-05-09,1.163,1.174,1.152,1.171,266828398,310467236,1.1800000000000002,1.1534,1,1,,,通信ETF,515880.SH
2024-05-10,1.166,1.167,1.146,1.161,216255700,250106105,1.1743999999999999,1.1571333333333333,1,1,,,通信ETF,515880.SH
2024-05-13,1.154,1.173,1.153,1.161,215014500,250222952,1.168,1.1576,1,1,,,通信ETF,515880.SH
2024-05-14,1.16,1.172,1.14,1.151,231323100,266728950,1.1622000000000001,1.1573333333333335,1,1,,,通信ETF,515880.SH
2024-05-15,1.148,1.169,1.141,1.145,211643400,244247373,1.1578,1.1583333333333334,-1,0,,1.145,通信ETF,515880.SH
2024-05-16,1.167,1.183,1.157,1.162,424118300,496170532,1.1560000000000001,1.1622,-1,0,,,通信ETF,515880.SH
2024-05-17,1.152,1.174,1.143,1.174,287596210,333925878,1.1586,1.1672,-1,0,,,通信ETF,515880.SH
2024-05-20,1.164,1.189,1.15,1.187,297573800,349990838,1.1637999999999997,1.1701333333333332,-1,0,,,通信ETF,515880.SH
2024-05-21,1.183,1.188,1.172,1.176,266867000,314580157,1.1687999999999998,1.1736,-1,0,,,通信ETF,515880.SH
2024-05-22,1.174,1.175,1.162,1.167,155685900,181668536,1.1732,1.1725333333333334,1,1,1.167,,通信ETF,515880.SH
2024-05-23,1.178,1.184,1.142,1.155,315780800,365684743,1.1718,1.1692666666666667,1,1,,,通信ETF,515880.SH
2024-05-24,1.148,1.177,1.121,1.123,337246392,387856249,1.1616,1.1648666666666665,-1,0,,1.123,通信ETF,515880.SH
2024-05-27,1.128,1.143,1.121,1.139,202428900,228998542,1.1520000000000001,1.1612666666666664,-1,0,,,通信ETF,515880.SH
2024-05-28,1.132,1.147,1.12,1.122,272515000,307863839,1.1412,1.1573999999999998,-1,0,,,通信ETF,515880.SH
2024-05-29,1.13,1.136,1.114,1.119,129134604,145190710,1.1316,1.1542000000000001,-1,0,,,通信ETF,515880.SH
2024-05-30,1.113,1.123,1.102,1.117,135322890,151043820,1.124,1.1506,-1,0,,,通信ETF,515880.SH
2024-05-31,1.111,1.135,1.103,1.113,127215700,142388295,1.122,1.1474,-1,0,,,通信ETF,515880.SH
2024-06-03,1.112,1.146,1.112,1.133,270390100,305374396,1.1208,1.1455333333333333,-1,0,,,通信ETF,515880.SH
2024-06-04,1.133,1.143,1.123,1.14,179151200,203051638,1.1244,1.1447999999999998,-1,0,,,通信ETF,515880.SH
2024-06-05,1.137,1.142,1.123,1.124,126048900,142800105,1.1254000000000002,1.1434,-1,0,,,通信ETF,515880.SH
2024-06-06,1.142,1.162,1.128,1.134,288592900,330639054,1.1288,1.1415333333333335,-1,0,,,通信ETF,515880.SH
2024-06-07,1.133,1.137,1.096,1.106,236685600,262709424,1.1274,1.137,-1,0,,,通信ETF,515880.SH
2024-06-11,1.098,1.118,1.098,1.116,122905100,136172046,1.124,1.1322666666666665,-1,0,,,通信ETF,515880.SH
2024-06-12,1.116,1.137,1.114,1.122,121622100,136919417,1.1204,1.1286666666666667,-1,0,,,通信ETF,515880.SH
2024-06-13,1.129,1.158,1.123,1.144,254041300,290616956,1.1244,1.1271333333333333,-1,0,,,通信ETF,515880.SH
2024-06-14,1.143,1.21,1.138,1.196,370827988,437354186,1.1368,1.1298666666666668,1,1,1.196,,通信ETF,515880.SH
2024-06-17,1.198,1.219,1.198,1.209,195299430,236080753,1.1574000000000002,1.1356,1,1,,,通信ETF,515880.SH
2024-06-18,1.206,1.255,1.206,1.24,191574365,237514886,1.1822,1.1423333333333334,1,1,,,通信ETF,515880.SH
2024-06-19,1.254,1.255,1.228,1.231,147720725,182820319,1.204,1.1496,1,1,,,通信ETF,515880.SH
2024-06-20,1.23,1.242,1.213,1.215,140728300,172647277,1.2182,1.156,1,1,,,通信ETF,515880.SH
2024-06-21,1.196,1.228,1.189,1.218,156384400,189209008,1.2226000000000001,1.1627333333333332,1,1,,,通信ETF,515880.SH
2024-06-24,1.207,1.221,1.177,1.179,118092500,141894982,1.2166000000000001,1.1671333333333334,1,1,,,通信ETF,515880.SH
2024-06-25,1.165,1.171,1.133,1.142,166281600,191340200,1.197,1.1677333333333335,1,1,,,通信ETF,515880.SH
2024-06-26,1.157,1.18,1.148,1.177,159450900,185243759,1.1862,1.1702000000000001,1,1,,,通信ETF,515880.SH
2024-06-27,1.166,1.174,1.149,1.15,132133000,153239260,1.1732,1.1719333333333333,1,1,,,通信ETF,515880.SH
2024-06-28,1.148,1.193,1.143,1.178,196928236,232260464,1.1652,1.1748666666666667,-1,0,,1.178,通信ETF,515880.SH
2024-07-01,1.175,1.206,1.166,1.198,211796062,251315429,1.169,1.181,-1,0,,,通信ETF,515880.SH
2024-07-02,1.193,1.201,1.179,1.184,137821400,163646215,1.1774,1.1855333333333333,-1,0,,,通信ETF,515880.SH
2024-07-03,1.183,1.183,1.155,1.169,141780600,165511896,1.1758,1.1886666666666665,-1,0,,,通信ETF,515880.SH
2024-07-04,1.182,1.19,1.16,1.162,144218068,169739700,1.1782,1.1898666666666669,-1,0,,,通信ETF,515880.SH
2024-07-05,1.157,1.167,1.138,1.16,149811667,172339808,1.1745999999999999,1.1874666666666667,-1,0,,,通信ETF,515880.SH
2024-07-08,1.16,1.174,1.153,1.158,135826600,158132594,1.1665999999999999,1.1840666666666666,-1,0,,,通信ETF,515880.SH
2024-07-09,1.158,1.229,1.152,1.226,313796750,374713691,1.175,1.1831333333333334,-1,0,,,通信ETF,515880.SH
2024-07-10,1.218,1.239,1.213,1.231,278095382,341734383,1.1873999999999998,1.1831333333333334,1,1,1.231,,通信ETF,515880.SH
2024-07-11,1.249,1.253,1.206,1.232,199791264,245457119,1.2014,1.1842666666666666,1,1,,,通信ETF,515880.SH
2024-07-12,1.208,1.211,1.193,1.204,196273988,235861579,1.2102,1.1833333333333333,1,1,,,通信ETF,515880.SH
2024-07-15,1.197,1.198,1.178,1.191,145884500,173360217,1.2167999999999999,1.184133333333333,1,1,,,通信ETF,515880.SH
2024-07-16,1.19,1.206,1.175,1.203,198553038,236550825,1.2122,1.1882,1,1,,,通信ETF,515880.SH
2024-07-17,1.192,1.198,1.169,1.17,212079733,250222007,1.2,1.1877333333333333,1,1,,,通信ETF,515880.SH
2024-07-18,1.144,1.16,1.119,1.159,276824504,315506646,1.1854,1.1883333333333332,-1,0,,1.159,通信ETF,515880.SH
2024-07-19,1.143,1.161,1.14,1.149,183662400,211590958,1.1743999999999999,1.1864,-1,0,,,通信ETF,515880.SH
2024-07-22,1.146,1.16,1.141,1.154,186548067,214986512,1.1669999999999998,1.1834666666666667,-1,0,,,通信ETF,515880.SH
2024-07-23,1.162,1.164,1.121,1.123,183223585,208964240,1.151,1.1794,-1,0,,,通信ETF,515880.SH
2024-07-24,1.113,1.142,1.11,1.115,192796889,217223536,1.1400000000000001,1.1758,-1,0,,,通信ETF,515880.SH
2024-07-25,1.097,1.101,1.072,1.087,206667841,224750536,1.1256,1.1707999999999998,-1,0,,,通信ETF,515880.SH
2024-07-26,1.086,1.112,1.083,1.107,191460600,210366953,1.1172,1.1672666666666667,-1,0,,,通信ETF,515880.SH
2024-07-29,1.103,1.128,1.098,1.115,177911100,198063231,1.1094000000000002,1.1644,-1,0,,,通信ETF,515880.SH
2024-07-30,1.107,1.115,1.095,1.107,154471200,170552660,1.1062,1.1564666666666668,-1,0,,,通信ETF,515880.SH
2024-07-31,1.099,1.141,1.099,1.14,245175800,275016040,1.1112,1.1504,-1,0,,,通信ETF,515880.SH
2024-08-01,1.158,1.163,1.14,1.14,190193900,218816475,1.1218,1.1442666666666668,-1,0,,,通信ETF,515880.SH
2024-08-02,1.118,1.12,1.086,1.088,321558100,354405773,1.1179999999999999,1.1365333333333334,-1,0,,,通信ETF,515880.SH
2024-08-05,1.065,1.077,1.025,1.026,285823600,300266145,1.1001999999999998,1.1255333333333333,-1,0,,,通信ETF,515880.SH
2024-08-06,1.05,1.06,1.032,1.044,176132900,184286970,1.0876000000000001,1.1149333333333333,-1,0,,,通信ETF,515880.SH
2024-08-07,1.041,1.063,1.038,1.048,176750200,185967291,1.0692,1.1068,-1,0,,,通信ETF,515880.SH
2024-08-08,1.037,1.048,1.023,1.037,143158300,148192464,1.0486,1.0986666666666667,-1,0,,,通信ETF,515880.SH
2024-08-09,1.049,1.059,1.039,1.04,132459200,138928886,1.0390000000000001,1.0914,-1,0,,,通信ETF,515880.SH
2024-08-12,1.035,1.049,1.032,1.036,117840994,122355192,1.041,1.0835333333333332,-1,0,,,通信ETF,515880.SH
2024-08-13,1.041,1.052,1.034,1.047,109523200,114217459,1.0416,1.0784666666666667,-1,0,,,通信ETF,515880.SH
2024-08-14,1.057,1.059,1.041,1.042,111903257,117503660,1.0404,1.0735999999999999,-1,0,,,通信ETF,515880.SH
2024-08-15,1.031,1.055,1.031,1.046,132331298,138298771,1.0422,1.0708666666666666,-1,0,,,通信ETF,515880.SH
2024-08-16,1.052,1.075,1.052,1.065,212021800,226180967,1.0472,1.0680666666666667,-1,0,,,通信ETF,515880.SH
2024-08-19,1.063,1.081,1.058,1.067,128051900,137029350,1.0534000000000001,1.0648666666666666,-1,0,,,通信ETF,515880.SH
2024-08-20,1.071,1.075,1.052,1.056,123248200,130887552,1.0552000000000001,1.0614666666666668,-1,0,,,通信ETF,515880.SH
2024-08-21,1.049,1.068,1.045,1.057,92786300,98182887,1.0581999999999998,1.0559333333333334,1,1,1.057,,通信ETF,515880.SH
2024-08-22,1.057,1.059,1.038,1.04,93854100,98179187,1.057,1.0492666666666668,1,1,,,通信ETF,515880.SH
2024-08-23,1.036,1.045,1.029,1.04,82684700,85713095,1.052,1.0460666666666667,1,1,,,通信ETF,515880.SH
2024-08-26,1.046,1.05,1.023,1.028,102130865,105474653,1.0442,1.0462,-1,0,,1.028,通信ETF,515880.SH
2024-08-27,1.025,1.025,1.008,1.01,97787700,99208592,1.035,1.0439333333333332,-1,0,,,通信ETF,515880.SH
2024-08-28,1.004,1.019,1.001,1.009,110044100,110927454,1.0254,1.0413333333333332,-1,0,,,通信ETF,515880.SH
2024-08-29,0.996,1.009,0.976,1.004,149502365,148009784,1.0182,1.0391333333333332,-1,0,,,通信ETF,515880.SH
2024-08-30,0.994,1.041,0.994,1.031,164618365,168947365,1.0164,1.0385333333333333,-1,0,,,通信ETF,515880.SH
2024-09-02,1.025,1.03,0.991,0.991,153540100,154431559,1.009,1.0355333333333332,-1,0,,,通信ETF,515880.SH
2024-09-03,0.991,1.003,0.988,1.001,111376700,110942194,1.0071999999999999,1.0324666666666666,-1,0,,,通信ETF,515880.SH
2024-09-04,0.987,1.002,0.971,0.994,141593600,139842503,1.0041999999999998,1.0292666666666668,-1,0,,,通信ETF,515880.SH
2024-09-05,0.993,1.012,0.99,1.002,113402528,113372127,1.0038,1.0263333333333333,-1,0,,,通信ETF,515880.SH
2024-09-06,1.002,1.004,0.978,0.979,91272600,90275483,0.9934,1.0206,-1,0,,,通信ETF,515880.SH
2024-09-09,0.973,0.985,0.969,0.984,98258800,95772045,0.992,1.0150666666666668,-1,0,,,通信ETF,515880.SH
2024-09-10,0.981,1.008,0.974,1.002,196420865,194950539,0.9922000000000001,1.0114666666666665,-1,0,,,通信ETF,515880.SH
2024-09-11,0.998,1.012,0.998,1.006,118495765,119100083,0.9945999999999999,1.0080666666666667,-1,0,,,通信ETF,515880.SH
2024-09-12,1.019,1.028,1.002,1.004,120971100,122713510,0.9949999999999999,1.0056666666666667,-1,0,,,通信ETF,515880.SH
2024-09-13,1.001,1.033,1.001,1.018,199237700,204030813,1.0028,1.0042,-1,0,,,通信ETF,515880.SH
2024-09-18,1.015,1.019,1.002,1.013,89583700,90599299,1.0086,1.0032,1,1,1.013,,通信ETF,515880.SH
2024-09-19,1.018,1.023,0.995,1.014,145303000,146637383,1.011,1.0034666666666667,1,1,,,通信ETF,515880.SH
2024-09-20,1.02,1.024,1.009,1.013,123751700,125747513,1.0124,1.0037333333333334,1,1,,,通信ETF,515880.SH
2024-09-23,1.015,1.039,1.012,1.025,143582500,147683618,1.0166,1.0051333333333334,1,1,,,通信ETF,515880.SH
2024-09-24,1.03,1.082,1.022,1.082,213783065,224352130,1.0293999999999999,1.0085333333333333,1,1,,,通信ETF,515880.SH
2024-09-25,1.094,1.11,1.08,1.083,186610365,204503711,1.0434,1.0146666666666666,1,1,,,通信ETF,515880.SH
2024-09-26,1.082,1.122,1.075,1.121,157789100,172456257,1.0648,1.0226666666666666,1,1,,,通信ETF,515880.SH
2024-09-27,1.128,1.181,1.118,1.179,124569800,142128219,1.098,1.035,1,1,,,通信ETF,515880.SH
2024-09-30,1.215,1.297,1.191,1.297,236569600,296395955,1.1523999999999999,1.0546666666666666,1,1,,,通信ETF,515880.SH
2024-10-08,1.427,1.427,1.367,1.427,225673028,319959732,1.2214,1.0845333333333333,1,1,,,通信ETF,515880.SH
2024-10-09,1.436,1.48,1.35,1.367,347621900,495026775,1.2782,1.1100666666666668,1,1,,,通信ETF,515880.SH
2024-10-10,1.374,1.396,1.314,1.347,329022900,446250962,1.3234,1.1330666666666667,1,1,,,通信ETF,515880.SH
2024-10-11,1.332,1.346,1.276,1.297,139280990,182776380,1.347,1.1524666666666665,1,1,,,通信ETF,515880.SH
2024-10-14,1.299,1.334,1.267,1.331,136312100,177431420,1.3538000000000001,1.1742666666666666,1,1,,,通信ETF,515880.SH
2024-10-15,1.325,1.359,1.301,1.301,156209700,207697231,1.3286,1.1931333333333332,1,1,,,通信ETF,515880.SH
2024-10-16,1.264,1.286,1.256,1.264,144053200,182856799,1.3079999999999998,1.2098666666666666,1,1,,,通信ETF,515880.SH
2024-10-17,1.276,1.297,1.271,1.274,145728200,187002093,1.2934,1.2272,1,1,,,通信ETF,515880.SH
2024-10-18,1.274,1.401,1.272,1.375,259684700,345885923,1.309,1.2513333333333334,1,1,,,通信ETF,515880.SH
2024-10-21,1.379,1.426,1.354,1.389,247879964,343051920,1.3206,1.2756,1,1,,,通信ETF,515880.SH
2024-10-22,1.41,1.41,1.371,1.396,149645400,207502832,1.3396,1.2965333333333333,1,1,,,通信ETF,515880.SH
2024-10-23,1.371,1.403,1.357,1.374,169553700,234540434,1.3616,1.3159333333333334,1,1,,,通信ETF,515880.SH
2024-10-24,1.366,1.423,1.362,1.394,294904500,411310909,1.3856000000000002,1.3341333333333334,1,1,,,通信ETF,515880.SH
2024-10-25,1.403,1.422,1.39,1.41,190145100,266932055,1.3926,1.3495333333333333,1,1,,,通信ETF,515880.SH
2024-10-28,1.404,1.416,1.385,1.403,97602000,136474186,1.3954,1.3566,1,1,,,通信ETF,515880.SH
2024-10-29,1.4,1.425,1.384,1.388,128861864,180739555,1.3938000000000001,1.3539999999999999,1,1,,,通信ETF,515880.SH
2024-10-30,1.377,1.414,1.375,1.393,101470500,141708197,1.3976,1.3557333333333332,1,1,,,通信ETF,515880.SH
2024-10-31,1.39,1.418,1.374,1.403,141425100,198349332,1.3994,1.3594666666666668,1,1,,,通信ETF,515880.SH
2024-11-01,1.39,1.399,1.355,1.358,137844400,189987407,1.389,1.3635333333333333,1,1,,,通信ETF,515880.SH
2024-11-04,1.351,1.395,1.351,1.388,95594200,132054427,1.386,1.3673333333333335,1,1,,,通信ETF,515880.SH
2024-11-05,1.388,1.438,1.381,1.431,150854800,213297842,1.3946,1.3760000000000001,1,1,,,通信ETF,515880.SH
2024-11-06,1.43,1.444,1.402,1.416,152730600,217819061,1.3992,1.3861333333333334,1,1,,,通信ETF,515880.SH
2024-11-07,1.395,1.442,1.392,1.442,176456100,251124122,1.4069999999999998,1.397333333333333,1,1,,,通信ETF,515880.SH
2024-11-08,1.465,1.51,1.46,1.463,199897500,296687727,1.428,1.4031999999999998,1,1,,,通信ETF,515880.SH
2024-11-11,1.452,1.526,1.443,1.513,236056342,351820218,1.4529999999999998,1.4114666666666666,1,1,,,通信ETF,515880.SH
2024-11-12,1.513,1.514,1.469,1.486,161688000,241747104,1.464,1.4174666666666667,1,1,,,通信ETF,515880.SH
2024-11-13,1.472,1.524,1.467,1.514,186302000,279125121,1.4835999999999998,1.4268,1,1,,,通信ETF,515880.SH
2024-11-14,1.504,1.514,1.441,1.446,141416900,208632596,1.4844000000000002,1.4302666666666668,1,1,,,通信ETF,515880.SH
2024-11-15,1.443,1.462,1.388,1.391,159964600,227794033,1.47,1.429,1,1,,,通信ETF,515880.SH
2024-11-18,1.383,1.394,1.341,1.354,134054400,182735758,1.4382000000000001,1.4257333333333333,1,1,,,通信ETF,515880.SH
2024-11-19,1.356,1.388,1.339,1.387,118623749,162069015,1.4183999999999999,1.4256666666666669,-1,0,,1.387,通信ETF,515880.SH
2024-11-20,1.383,1.41,1.381,1.408,150182551,209688126,1.3972000000000002,1.4266666666666665,-1,0,,,通信ETF,515880.SH
2024-11-21,1.402,1.411,1.379,1.391,101338787,141345095,1.3862,1.4258666666666668,-1,0,,,通信ETF,515880.SH
2024-11-22,1.385,1.407,1.34,1.343,95130200,130940594,1.3766000000000003,1.4248666666666667,-1,0,,,通信ETF,515880.SH
2024-11-25,1.336,1.343,1.284,1.311,119235002,155944462,1.3679999999999999,1.4197333333333333,-1,0,,,通信ETF,515880.SH
2024-11-26,1.31,1.327,1.306,1.309,89795900,118322872,1.3523999999999998,1.4116,-1,0,,,通信ETF,515880.SH
2024-11-27,1.301,1.336,1.283,1.335,110691200,144879247,1.3377999999999999,1.4062,-1,0,,,通信ETF,515880.SH
2024-11-28,1.333,1.333,1.306,1.309,97975500,129074949,1.3214000000000001,1.3973333333333333,-1,0,,,通信ETF,515880.SH
2024-11-29,1.309,1.35,1.304,1.335,100905100,133880296,1.3197999999999999,1.3888,-1,0,,,通信ETF,515880.SH
2024-12-02,1.334,1.373,1.334,1.365,139206200,189434526,1.3306,1.3789333333333331,-1,0,,,通信ETF,515880.SH
2024-12-03,1.364,1.365,1.335,1.35,114260900,154376303,1.3388,1.3698666666666668,-1,0,,,通信ETF,515880.SH
2024-12-04,1.349,1.358,1.318,1.326,96886883,129065385,1.3370000000000002,1.3573333333333333,-1,0,,,通信ETF,515880.SH
2024-12-05,1.325,1.353,1.324,1.344,93794474,125972059,1.344,1.3505333333333336,-1,0,,,通信ETF,515880.SH
2024-12-06,1.343,1.363,1.337,1.354,100437600,135736788,1.3478,1.3480666666666667,-1,0,,,通信ETF,515880.SH
2024-12-09,1.348,1.351,1.32,1.33,96569777,128657730,1.3408000000000002,1.3464666666666667,-1,0,,,通信ETF,515880.SH
2024-12-10,1.374,1.376,1.333,1.336,111537462,150224016,1.338,1.3430666666666666,-1,0,,,通信ETF,515880.SH
2024-12-11,1.329,1.365,1.329,1.363,119978500,162248818,1.3454000000000002,1.3400666666666665,1,1,1.363,,通信ETF,515880.SH
2024-12-12,1.361,1.382,1.361,1.378,117308800,161163201,1.3522000000000003,1.3392000000000002,1,1,,,通信ETF,515880.SH
2024-12-13,1.371,1.378,1.343,1.348,83951454,113746727,1.351,1.3395333333333332,1,1,,,通信ETF,515880.SH
2024-12-16,1.348,1.355,1.328,1.343,57864200,77616209,1.3536000000000001,1.3416666666666666,1,1,,,通信ETF,515880.SH
2024-12-17,1.343,1.391,1.343,1.353,145307900,199111162,1.357,1.3446,1,1,,,通信ETF,515880.SH
2024-12-18,1.348,1.373,1.333,1.359,108496200,146482723,1.3561999999999999,1.3462,1,1,,,通信ETF,515880.SH
2024-12-19,1.346,1.41,1.346,1.405,203401500,282632555,1.3616000000000001,1.3526,1,1,,,通信ETF,515880.SH
2024-12-20,1.393,1.426,1.389,1.406,193548400,272104056,1.3732,1.3573333333333333,1,1,,,通信ETF,515880.SH
2024-12-23,1.407,1.416,1.375,1.376,184491600,256821770,1.3798,1.3580666666666668,1,1,,,通信ETF,515880.SH
2024-12-24,1.377,1.392,1.358,1.389,107757500,148388442,1.387,1.3606666666666667,1,1,,,通信ETF,515880.SH
2024-12-25,1.388,1.407,1.382,1.393,183443100,255770815,1.3938,1.3651333333333333,1,1,,,通信ETF,515880.SH
2024-12-26,1.391,1.458,1.381,1.456,237985700,342090162,1.404,1.3726,1,1,,,通信ETF,515880.SH
2024-12-27,1.453,1.453,1.419,1.428,252829700,363504715,1.4083999999999999,1.3775333333333333,1,1,,,通信ETF,515880.SH
2024-12-30,1.427,1.434,1.403,1.407,226326100,320832586,1.4146,1.3826666666666667,1,1,,,通信ETF,515880.SH
2024-12-31,1.409,1.415,1.361,1.364,244805200,338335161,1.4096,1.3845333333333332,1,1,,,通信ETF,515880.SH
2025-01-02,1.352,1.363,1.305,1.32,162987300,217941013,1.395,1.3816666666666666,1,1,,,通信ETF,515880.SH
2025-01-03,1.321,1.324,1.279,1.282,172721200,224593203,1.3602,1.3752666666666664,-1,0,,1.282,通信ETF,515880.SH
2025-01-06,1.284,1.305,1.261,1.273,131943900,169205701,1.3292,1.3702666666666665,-1,0,,,通信ETF,515880.SH
2025-01-07,1.273,1.314,1.267,1.312,188073500,242574466,1.3102,1.3682,-1,0,,,通信ETF,515880.SH
2025-01-08,1.297,1.306,1.253,1.293,168078593,215320954,1.296,1.3641999999999999,-1,0,,,通信ETF,515880.SH
2025-01-09,1.28,1.311,1.279,1.304,115891571,150614833,1.2928000000000002,1.3605333333333334,-1,0,,,通信ETF,515880.SH
2025-01-10,1.296,1.298,1.257,1.258,126339200,161604740,1.2879999999999998,1.3507333333333333,-1,0,,,通信ETF,515880.SH
2025-01-13,1.238,1.273,1.236,1.256,115866800,145597730,1.2846,1.3407333333333333,-1,0,,,通信ETF,515880.SH
2025-01-14,1.26,1.322,1.241,1.317,165653816,213633632,1.2856,1.3368,-1,0,,,通信ETF,515880.SH
2025-01-15,1.308,1.315,1.292,1.296,102764193,133658665,1.2862,1.3306,-1,0,,,通信ETF,515880.SH
2025-01-16,1.306,1.342,1.297,1.333,240829671,318217323,1.2920000000000003,1.3266,-1,0,,,通信ETF,515880.SH
2025-01-17,1.323,1.359,1.315,1.344,167597535,224052227,1.3092,1.3191333333333333,-1,0,,,通信ETF,515880.SH
2025-01-20,1.348,1.38,1.346,1.362,149020594,203248896,1.3304,1.3147333333333333,1,1,1.362,,通信ETF,515880.SH
2025-01-21,1.385,1.403,1.37,1.396,135095900,187354739,1.3462,1.3139999999999998,1,1,,,通信ETF,515880.SH
2025-01-22,1.397,1.447,1.397,1.432,240234000,341952775,1.3734,1.3185333333333336,1,1,,,通信ETF,515880.SH
2025-01-23,1.44,1.464,1.398,1.401,153677000,219582855,1.387,1.3239333333333334,1,1,,,通信ETF,515880.SH
2025-01-24,1.396,1.438,1.393,1.435,109973000,156460300,1.4052,1.3341333333333334,1,1,,,通信ETF,515880.SH
2025-01-27,1.414,1.418,1.355,1.356,199184000,274994291,1.4040000000000001,1.3396666666666668,1,1,,,通信ETF,515880.SH
2025-02-05,1.353,1.355,1.299,1.312,285534300,374127655,1.3872,1.3396666666666666,1,1,,,通信ETF,515880.SH
2025-02-06,1.316,1.358,1.314,1.353,222307100,297259533,1.3714,1.3436666666666668,1,1,,,通信ETF,515880.SH
2025-02-07,1.352,1.41,1.35,1.391,311863400,432660731,1.3694000000000002,1.3494666666666668,1,1,,,通信ETF,515880.SH
2025-02-10,1.392,1.4,1.378,1.4,246352200,342847964,1.3624,1.3589333333333333,1,1,,,通信ETF,515880.SH
2025-02-11,1.4,1.41,1.389,1.395,118620500,166210326,1.3702,1.3682,1,1,,,通信ETF,515880.SH
2025-02-12,1.387,1.422,1.387,1.421,148858000,209082765,1.392,1.3751333333333333,1,1,,,通信ETF,515880.SH
2025-02-13,1.419,1.419,1.375,1.379,178630842,248153227,1.3972,1.3806666666666667,1,1,,,通信ETF,515880.SH
2025-02-14,1.371,1.394,1.366,1.377,136726958,188513771,1.3943999999999999,1.3836000000000002,1,1,,,通信ETF,515880.SH
2025-02-17,1.388,1.439,1.388,1.429,263210700,372873149,1.4002000000000001,1.3892666666666669,1,1,,,通信ETF,515880.SH
2025-02-18,1.417,1.43,1.385,1.391,216259500,304326855,1.3994,1.3912,1,1,,,通信ETF,515880.SH
2025-02-19,1.386,1.42,1.381,1.419,189852600,266988965,1.3990000000000002,1.3927333333333334,1,1,,,通信ETF,515880.SH
2025-02-20,1.416,1.423,1.4,1.418,127416000,180307287,1.4068,1.3918,1,1,,,通信ETF,515880.SH
2025-02-21,1.428,1.478,1.418,1.471,271650758,394189249,1.4256,1.3964666666666665,1,1,,,通信ETF,515880.SH
2025-02-24,1.464,1.465,1.436,1.458,320809800,466057030,1.4314,1.3980000000000001,1,1,,,通信ETF,515880.SH
2025-02-25,1.423,1.454,1.415,1.433,180801200,259461048,1.4398,1.4031333333333333,1,1,,,通信ETF,515880.SH
2025-02-26,1.436,1.445,1.413,1.443,278593000,398915428,1.4445999999999999,1.4118666666666664,1,1,,,通信ETF,515880.SH
2025-02-27,1.445,1.451,1.38,1.4,224568800,315900157,1.441,1.415,1,1,,,通信ETF,515880.SH
2025-02-28,1.37,1.38,1.319,1.328,268813600,361775543,1.4124,1.4107999999999998,1,1,,,通信ETF,515880.SH
2025-03-03,1.327,1.329,1.293,1.307,243523000,319248939,1.3821999999999999,1.4045999999999998,-1,0,,1.307,通信ETF,515880.SH
2025-03-04,1.285,1.323,1.28,1.322,140517000,183617138,1.36,1.3997333333333335,-1,0,,,通信ETF,515880.SH
2025-03-05,1.323,1.339,1.32,1.339,146713900,195251856,1.3392,1.3942666666666668,-1,0,,,通信ETF,515880.SH
2025-03-06,1.349,1.372,1.342,1.365,196323200,266848214,1.3322,1.3933333333333333,-1,0,,,通信ETF,515880.SH
2025-03-07,1.359,1.362,1.336,1.344,181745121,245423819,1.3354,1.3911333333333333,-1,0,,,通信ETF,515880.SH
2025-03-10,1.343,1.348,1.327,1.342,87278324,116643285,1.3424,1.385333333333333,-1,0,,,通信ETF,515880.SH
2025-03-11,1.33,1.335,1.32,1.333,98869100,131074441,1.3446000000000002,1.3814666666666668,-1,0,,,通信ETF,515880.SH
2025-03-12,1.34,1.37,1.335,1.352,158591299,214602433,1.3472000000000002,1.377,-1,0,,,通信ETF,515880.SH
2025-03-13,1.353,1.361,1.319,1.327,98449600,131564248,1.3396000000000001,1.3709333333333333,-1,0,,,通信ETF,515880.SH
2025-03-14,1.323,1.356,1.319,1.355,139893300,188029455,1.3418,1.3632,-1,0,,,通信ETF,515880.SH
2025-03-17,1.36,1.368,1.355,1.359,96020301,130593681,1.3452,1.3566,-1,0,,,通信ETF,515880.SH
2025-03-18,1.374,1.379,1.351,1.378,180501300,246904138,1.3542,1.3529333333333333,1,1,1.378,,通信ETF,515880.SH
2025-03-19,1.369,1.369,1.341,1.347,136301100,184058278,1.3532,1.3465333333333334,1,1,,,通信ETF,515880.SH
2025-03-20,1.344,1.352,1.336,1.338,194043900,260821990,1.3554,1.3424,1,1,,,通信ETF,515880.SH
2025-03-21,1.331,1.341,1.306,1.309,189248884,249920233,1.3462,1.3411333333333333,1,1,,,通信ETF,515880.SH
2025-03-24,1.309,1.319,1.281,1.308,114101400,148369369,1.3359999999999999,1.3412000000000002,-1,0,,1.308,通信ETF,515880.SH
2025-03-25,1.31,1.316,1.283,1.287,101568200,131765421,1.3177999999999999,1.3388666666666666,-1,0,,,通信ETF,515880.SH
2025-03-26,1.287,1.296,1.28,1.281,89833800,115601825,1.3046,1.335,-1,0,,,通信ETF,515880.SH
2025-03-27,1.275,1.289,1.255,1.274,111091600,141366469,1.2917999999999998,1.3289333333333333,-1,0,,,通信ETF,515880.SH
2025-03-28,1.276,1.28,1.265,1.266,110796300,140861952,1.2832000000000001,1.3237333333333334,-1,0,,,通信ETF,515880.SH
2025-03-31,1.26,1.269,1.246,1.267,173209100,217973307,1.275,1.3187333333333335,-1,0,,,通信ETF,515880.SH
2025-04-01,1.266,1.273,1.26,1.261,143220200,181353098,1.2698,1.3139333333333334,-1,0,,,通信ETF,515880.SH
2025-04-02,1.262,1.285,1.262,1.274,199128900,253809162,1.2684,1.3087333333333333,-1,0,,,通信ETF,515880.SH
2025-04-03,1.254,1.262,1.223,1.234,206531700,257067285,1.2604,1.3025333333333333,-1,0,,,通信ETF,515880.SH
2025-04-07,1.137,1.155,1.111,1.111,73647500,82707611,1.2293999999999998,1.2862666666666667,-1,0,,,通信ETF,515880.SH
2025-04-08,1.058,1.087,1.02,1.045,408092573,425050570,1.185,1.2653333333333332,-1,0,,,通信ETF,515880.SH
2025-04-09,1.019,1.076,0.992,1.069,261919448,272800723,1.1465999999999998,1.2447333333333332,-1,0,,,通信ETF,515880.SH
2025-04-10,1.122,1.144,1.114,1.115,653716200,740689853,1.1148,1.2292666666666667,-1,0,,,通信ETF,515880.SH
2025-04-11,1.099,1.139,1.095,1.127,190145500,212249090,1.0934,1.2151999999999998,-1,0,,,通信ETF,515880.SH
2025-04-14,1.157,1.165,1.138,1.141,204711000,235484333,1.0994,1.204,-1,0,,,通信ETF,515880.SH
2025-04-15,1.138,1.141,1.12,1.13,99878300,112620202,1.1164,1.1921333333333333,-1,0,,,通信ETF,515880.SH
2025-04-16,1.123,1.125,1.095,1.111,121250100,134462537,1.1248,1.1804,-1,0,,,通信ETF,515880.SH
2025-04-17,1.102,1.124,1.1,1.107,90836135,101268322,1.1232,1.1688,-1,0,,,通信ETF,515880.SH
2025-04-18,1.109,1.14,1.107,1.138,318986595,360592489,1.1254,1.1597333333333333,-1,0,,,通信ETF,515880.SH
2025-04-21,1.137,1.153,1.13,1.152,213967700,245011125,1.1276,1.1521333333333332,-1,0,,,通信ETF,515880.SH
2025-04-22,1.147,1.148,1.138,1.141,98448400,112536539,1.1298,1.1437333333333333,-1,0,,,通信ETF,515880.SH
2025-04-23,1.156,1.181,1.15,1.172,228213500,266109172,1.142,1.1378,1,1,1.172,,通信ETF,515880.SH
2025-04-24,1.166,1.167,1.148,1.154,135550100,156853680,1.1514,1.1298,1,1,,,通信ETF,515880.SH
2025-04-25,1.155,1.184,1.155,1.172,152850700,179500661,1.1582,1.1256666666666666,1,1,,,通信ETF,515880.SH
2025-04-28,1.168,1.173,1.155,1.159,117767300,136690324,1.1596,1.1288666666666667,1,1,,,通信ETF,515880.SH
2025-04-29,1.151,1.162,1.142,1.155,73247400,84522815,1.1623999999999999,1.1361999999999999,1,1,,,通信ETF,515880.SH
2025-04-30,1.153,1.166,1.149,1.161,99198700,115140576,1.1602000000000001,1.1423333333333334,1,1,,,通信ETF,515880.SH
2025-05-06,1.173,1.205,1.173,1.204,210604100,251119447,1.1702,1.1482666666666665,1,1,,,通信ETF,515880.SH
2025-05-07,1.218,1.228,1.193,1.206,143159000,172882356,1.177,1.153533333333333,1,1,,,通信ETF,515880.SH
2025-05-08,1.204,1.258,1.203,1.253,304230600,377008411,1.1957999999999998,1.161,1,1,,,通信ETF,515880.SH
2025-05-09,1.241,1.244,1.224,1.236,175701300,216999319,1.2120000000000002,1.1680666666666666,1,1,,,通信ETF,515880.SH
2025-05-12,1.257,1.266,1.247,1.265,262483500,329629359,1.2328,1.1783333333333335,1,1,,,通信ETF,515880.SH
2025-05-13,1.284,1.285,1.256,1.257,340993440,431126809,1.2433999999999998,1.1883333333333332,1,1,,,通信ETF,515880.SH
2025-05-14,1.262,1.286,1.261,1.266,173088400,220579986,1.2553999999999998,1.1968666666666665,1,1,,,通信ETF,515880.SH
2025-05-15,1.264,1.265,1.23,1.232,127311050,158093367,1.2512,1.2022,1,1,,,通信ETF,515880.SH
2025-05-16,1.226,1.252,1.224,1.241,116381908,144782068,1.2521999999999998,1.2088666666666665,1,1,,,通信ETF,515880.SH
2025-05-19,1.237,1.241,1.226,1.236,80047840,98755322,1.2464,1.2131333333333332,1,1,,,通信ETF,515880.SH
2025-05-20,1.237,1.247,1.227,1.241,69716607,86203972,1.2432,1.2189333333333332,1,1,,,通信ETF,515880.SH
2025-05-21,1.242,1.243,1.23,1.235,56781116,70189260,1.237,1.2231333333333334,1,1,,,通信ETF,515880.SH
2025-05-22,1.229,1.247,1.225,1.231,68736319,85073480,1.2368000000000001,1.2279333333333333,1,1,,,通信ETF,515880.SH
2025-05-23,1.23,1.235,1.209,1.21,130597500,159304783,1.2306000000000001,1.2316,-1,0,,1.21,通信ETF,515880.SH
2025-05-26,1.208,1.221,1.207,1.22,66441018,80740019,1.2273999999999998,1.2355333333333332,-1,0,,,通信ETF,515880.SH
2025-05-27,1.217,1.217,1.194,1.201,222232462,266886026,1.2194,1.2353333333333334,-1,0,,,通信ETF,515880.SH
2025-05-28,1.204,1.223,1.204,1.218,115376162,140168624,1.216,1.2361333333333333,-1,0,,,通信ETF,515880.SH
2025-05-29,1.223,1.252,1.223,1.249,181035600,225370708,1.2196,1.2358666666666667,-1,0,,,通信ETF,515880.SH
2025-05-30,1.238,1.24,1.227,1.237,81218200,100088955,1.225,1.2359333333333333,-1,0,,,通信ETF,515880.SH
2025-06-03,1.23,1.243,1.227,1.23,80642253,99445529,1.227,1.2336,-1,0,,,通信ETF,515880.SH
2025-06-04,1.234,1.264,1.234,1.256,139821714,175325214,1.238,1.2335333333333334,1,1,1.256,,通信ETF,515880.SH
2025-06-05,1.253,1.3,1.253,1.296,285670604,367463641,1.2536,1.2355333333333334,1,1,,,通信ETF,515880.SH
2025-06-06,1.295,1.31,1.286,1.305,215076723,279701273,1.2648,1.2404000000000002,1,1,,,通信ETF,515880.SH
2025-06-09,1.31,1.34,1.309,1.328,193317746,255954987,1.283,1.2462000000000002,1,1,,,通信ETF,515880.SH
2025-06-10,1.316,1.322,1.293,1.309,184975109,242038671,1.2988,1.2510666666666668,1,1,,,通信ETF,515880.SH
2025-06-11,1.307,1.323,1.305,1.307,114474878,150256596,1.309,1.2554666666666667,1,1,,,通信ETF,515880.SH
2025-06-12,1.301,1.353,1.298,1.334,193786413,259053470,1.3166,1.2620666666666664,1,1,,,通信ETF,515880.SH
2025-06-13,1.321,1.343,1.315,1.322,135218781,179384742,1.32,1.2681333333333336,1,1,,,通信ETF,515880.SH
2025-06-16,1.321,1.364,1.318,1.353,202772446,273907552,1.325,1.2776666666666665,1,1,,,通信ETF,515880.SH
2025-06-17,1.352,1.356,1.334,1.344,81483500,109446685,1.332,1.2859333333333334,1,1,,,通信ETF,515880.SH
2025-06-18,1.34,1.373,1.326,1.372,179266900,242743671,1.345,1.2973333333333334,1,1,,,通信ETF,515880.SH
2025-06-19,1.361,1.41,1.353,1.363,157347100,215187140,1.3508,1.307,1,1,,,通信ETF,515880.SH
2025-06-20,1.36,1.363,1.336,1.342,140069303,188410459,1.3548,1.3132,1,1,,,通信ETF,515880.SH
2025-06-23,1.328,1.344,1.316,1.338,82507600,109835761,1.3518000000000001,1.3199333333333334,1,1,,,通信ETF,515880.SH
2025-06-24,1.343,1.359,1.343,1.357,92165400,124778772,1.3544,1.3283999999999998,1,1,,,通信ETF,515880.SH
2025-06-25,1.365,1.378,1.355,1.377,98972710,135388434,1.3554,1.3364666666666667,1,1,,,通信ETF,515880.SH
2025-06-26,1.387,1.409,1.382,1.388,286583521,399927960,1.3603999999999998,1.3426,1,1,,,通信ETF,515880.SH
2025-06-27,1.385,1.432,1.374,1.423,235264030,333033595,1.3766,1.3504666666666667,1,1,,,通信ETF,515880.SH
2025-06-30,1.427,1.455,1.422,1.454,130884202,188343367,1.3998000000000002,1.358866666666667,1,1,,,通信ETF,515880.SH
2025-07-01,1.445,1.451,1.437,1.45,79891504,115431404,1.4183999999999999,1.3682666666666667,1,1,,,通信ETF,515880.SH
2025-07-02,1.436,1.436,1.41,1.416,110809625,157290614,1.4262000000000001,1.3755333333333335,1,1,,,通信ETF,515880.SH
2025-07-03,1.424,1.463,1.424,1.454,294305100,425510097,1.4394,1.3835333333333333,1,1,,,通信ETF,515880.SH
2025-07-04,1.452,1.462,1.433,1.434,111863287,161694974,1.4416,1.3909999999999998,1,1,,,通信ETF,515880.SH
2025-07-07,1.427,1.434,1.396,1.42,90877758,128597035,1.4347999999999999,1.3954666666666669,1,1,,,通信ETF,515880.SH
2025-07-08,1.42,1.489,1.42,1.486,251197317,367947668,1.442,1.4049333333333331,1,1,,,通信ETF,515880.SH
2025-07-09,1.486,1.503,1.481,1.488,138521060,206486723,1.4564,1.4126666666666665,1,1,,,通信ETF,515880.SH
2025-07-10,1.491,1.5,1.467,1.489,117711047,174916878,1.4634,1.4210666666666667,1,1,,,通信ETF,515880.SH
2025-07-11,1.48,1.491,1.474,1.481,159884625,237015488,1.4727999999999999,1.4303333333333335,1,1,,,通信ETF,515880.SH
2025-07-14,1.471,1.49,1.469,1.483,86314000,127939572,1.4853999999999998,1.4400000000000002,1,1,,,通信ETF,515880.SH
2025-07-15,1.516,1.576,1.516,1.574,283537164,442487292,1.5030000000000001,1.4544666666666666,1,1,,,通信ETF,515880.SH
2025-07-16,1.582,1.62,1.567,1.569,320524709,508838861,1.5192,1.4672666666666667,1,1,,,通信ETF,515880.SH
2025-07-17,1.554,1.633,1.554,1.63,226161730,363725951,1.5474,1.4834,1,1,,,通信ETF,515880.SH
2025-07-18,1.641,1.667,1.618,1.627,240212251,393032586,1.5766,1.4969999999999999,1,1,,,通信ETF,515880.SH
2025-07-21,1.621,1.642,1.6,1.633,153622297,248605408,1.6066000000000003,1.508933333333333,1,1,,,通信ETF,515880.SH
2025-07-22,1.625,1.669,1.612,1.625,188412150,307834664,1.6168,1.5205999999999997,1,1,,,通信ETF,515880.SH
2025-07-23,1.601,1.626,1.589,1.621,130821771,210335374,1.6271999999999998,1.5342666666666667,1,1,,,通信ETF,515880.SH
2025-07-24,1.635,1.64,1.604,1.63,135635950,219939088,1.6271999999999998,1.546,1,1,,,通信ETF,515880.SH
2025-07-25,1.625,1.642,1.622,1.631,220151391,358934413,1.6280000000000001,1.5591333333333333,1,1,,,通信ETF,515880.SH
2025-07-28,1.631,1.665,1.626,1.664,170485377,280844451,1.6341999999999999,1.5754,1,1,,,通信ETF,515880.SH
2025-07-29,1.666,1.736,1.664,1.734,245114298,418645285,1.656,1.5919333333333334,1,1,,,通信ETF,515880.SH
2025-07-30,1.725,1.749,1.701,1.74,232601380,401154764,1.6797999999999997,1.6087333333333331,1,1,,,通信ETF,515880.SH
2025-07-31,1.769,1.816,1.744,1.75,384879076,686743178,1.7038,1.6261333333333332,1,1,,,通信ETF,515880.SH
2025-08-01,1.72,1.769,1.701,1.723,259911170,449828968,1.7222000000000002,1.6422666666666668,1,1,,,通信ETF,515880.SH
2025-08-04,1.7,1.735,1.698,1.734,132039059,226625771,1.7362000000000002,1.6589999999999998,1,1,,,通信ETF,515880.SH
2025-08-05,1.758,1.765,1.72,1.765,255963802,447264043,1.7424,1.6717333333333333,1,1,,,通信ETF,515880.SH
2025-08-06,1.748,1.776,1.741,1.768,153816401,270893178,1.748,1.6849999999999998,1,1,,,通信ETF,515880.SH
2025-08-07,1.775,1.799,1.723,1.762,220658518,389332968,1.7504000000000002,1.6938,1,1,,,通信ETF,515880.SH
2025-08-08,1.754,1.79,1.747,1.764,169367900,299974922,1.7586,1.7029333333333334,1,1,,,通信ETF,515880.SH
2025-08-11,1.767,1.817,1.764,1.801,181816016,326734776,1.7719999999999998,1.7141333333333333,1,1,,,通信ETF,515880.SH
2025-08-12,1.803,1.865,1.799,1.861,230028557,423325137,1.7912,1.7298666666666667,1,1,,,通信ETF,515880.SH
2025-08-13,1.867,1.987,1.85,1.981,532398896,1036457882,1.8338,1.7538666666666667,1,1,,,通信ETF,515880.SH
2025-08-14,1.968,1.974,1.928,1.93,343308266,670306328,1.8674,1.7738666666666667,1,1,,,通信ETF,515880.SH
2025-08-15,1.914,1.962,1.914,1.949,343655950,667167430,1.9044,1.7950666666666666,1,1,,,通信ETF,515880.SH
2025-08-18,1.952,2.062,1.936,2.032,372588743,748709442,1.9506000000000001,1.8196,1,1,,,通信ETF,515880.SH
2025-08-19,2.029,2.117,2.024,2.114,450253026,940176627,2.0012,1.8449333333333333,1,1,,,通信ETF,515880.SH
2025-08-20,2.07,2.121,2.021,2.12,601886195,1249310515,2.029,1.8702666666666667,1,1,,,通信ETF,515880.SH
2025-08-21,2.129,2.15,2.066,2.098,505685078,1060647092,2.0626,1.8934666666666666,1,1,,,通信ETF,515880.SH
2025-08-22,2.078,2.187,2.077,2.18,484140905,1036303225,2.1088,1.9239333333333333,1,1,,,通信ETF,515880.SH
2025-08-25,2.227,2.332,2.2,2.327,518526686,1174058795,2.1678,1.9634666666666667,1,1,,,通信ETF,515880.SH
2025-08-26,2.317,2.334,2.263,2.278,404490521,929172569,2.2006,1.9976666666666667,1,1,,,通信ETF,515880.SH
2025-08-27,2.286,2.439,2.286,2.337,581414669,1374814292,2.2439999999999998,2.0356,1,1,,,通信ETF,515880.SH
2025-08-28,2.327,2.568,2.32,2.555,847240825,2072324176,2.3354,2.0884666666666667,1,1,,,通信ETF,515880.SH
2025-08-29,2.553,2.573,2.46,2.553,945258947,2380210632,2.41,2.1410666666666667,1,1,,,通信ETF,515880.SH
2025-09-01,2.585,2.745,2.538,2.704,939867759,2488198779,2.4854000000000003,2.201266666666667,1,1,,,通信ETF,515880.SH
2025-09-02,2.693,2.763,2.5,2.548,1383194031,3614751444,2.5394,2.247066666666667,1,1,,,通信ETF,515880.SH
2025-09-03,2.531,2.643,2.487,2.6,1251171015,3208056780,2.592,2.2883333333333336,1,1,,,通信ETF,515880.SH
2025-09-04,2.652,2.68,2.34,2.357,1489384582,3664446253,2.5524,2.3168,1,1,,,通信ETF,515880.SH
2025-09-05,2.369,2.545,2.328,2.518,1134764093,2755885502,2.5454,2.354733333333334,1,1,,,通信ETF,515880.SH
2025-09-08,2.474,2.48,2.3,2.394,1089711654,2591966558,2.4834,2.3788666666666667,1,1,,,通信ETF,515880.SH
2025-09-09,2.347,2.398,2.302,2.346,526237109,1239023701,2.443,2.3943333333333334,1,1,,,通信ETF,515880.SH
2025-09-10,2.426,2.496,2.398,2.452,852625786,2084529884,2.4134,2.416466666666667,-1,0,,2.452,通信ETF,515880.SH
2025-09-11,2.5,2.697,2.489,2.697,1170063122,3059268450,2.4814,2.4564,1,1,2.697,,通信ETF,515880.SH
2025-09-12,2.603,2.669,2.59,2.623,1000225657,2630953879,2.5024,2.4859333333333336,1,1,,,通信ETF,515880.SH
2025-09-15,2.578,2.618,2.53,2.577,710907429,1832880918,2.539,2.5026,1,1,,,通信ETF,515880.SH
2025-09-16,2.573,2.623,2.531,2.596,673476525,1737469116,2.589,2.5238,1,1,,,通信ETF,515880.SH
2025-09-17,2.58,2.625,2.535,2.605,645840882,1672539893,2.6196,2.5416666666666665,1,1,,,通信ETF,515880.SH
2025-09-18,2.562,2.724,2.56,2.655,942795427,2500808913,2.6111999999999997,2.5483333333333333,1,1,,,通信ETF,515880.SH
2025-09-19,2.686,2.73,2.634,2.681,678130073,1818437548,2.6228000000000002,2.5568666666666666,1,1,,,通信ETF,515880.SH
2025-09-22,2.682,2.724,2.603,2.712,544122882,1460437794,2.6498,2.5574000000000003,1,1,,,通信ETF,515880.SH
2025-09-23,2.808,2.838,2.644,2.734,898556434,2451652156,2.6774,2.5698,1,1,,,通信ETF,515880.SH
2025-09-24,2.652,2.748,2.629,2.716,730647072,1966405823,2.6995999999999998,2.5775333333333332,1,1,,,通信ETF,515880.SH
2025-09-25,2.684,2.812,2.648,2.779,724566043,1993124533,2.7244,2.6056666666666666,1,1,,,通信ETF,515880.SH
2025-09-26,2.749,2.806,2.693,2.695,516784758,1416801202,2.7272,2.6174666666666666,1,1,,,通信ETF,515880.SH
2025-09-29,2.66,2.767,2.66,2.732,473656653,1294041967,2.7312,2.64,1,1,,,通信ETF,515880.SH
2025-09-30,2.743,2.794,2.662,2.676,638156175,1726352380,2.7196,2.662,1,1,,,通信ETF,515880.SH
2025-10-09,2.703,2.76,2.692,2.7,685968074,1869851506,2.7164,2.678533333333333,1,1,,,通信ETF,515880.SH
2025-10-10,2.704,2.733,2.625,2.644,527171457,1410120320,2.6894,2.675,1,1,,,通信ETF,515880.SH
2025-10-13,2.499,2.6,2.485,2.599,492319959,1259550016,2.6702000000000004,2.6734,-1,0,,2.599,通信ETF,515880.SH
2025-10-14,2.633,2.638,2.423,2.437,760022224,1900125453,2.6111999999999997,2.6640666666666664,-1,0,,,通信ETF,515880.SH
2025-10-15,2.426,2.505,2.407,2.502,407037102,1003465513,2.5764,2.6578000000000004,-1,0,,,通信ETF,515880.SH
2025-10-16,2.478,2.567,2.468,2.522,321587106,814406575,2.5408,2.6522666666666668,-1,0,,,通信ETF,515880.SH
2025-10-17,2.522,2.535,2.435,2.446,365577080,902384200,2.5012,2.638333333333333,-1,0,,,通信ETF,515880.SH
2025-10-20,2.529,2.605,2.5,2.529,556037850,1417344490,2.4872,2.6282,-1,0,,,通信ETF,515880.SH
2025-10-21,2.55,2.722,2.533,2.7,741778633,1962450089,2.5398,2.6273999999999997,-1,0,,,通信ETF,515880.SH
2025-10-22,2.669,2.721,2.651,2.675,530328311,1423862861,2.5744,2.623466666666667,-1,0,,,通信ETF,515880.SH
2025-10-23,2.641,2.651,2.567,2.626,435120742,1132300474,2.5952,2.6174666666666666,-1,0,,,通信ETF,515880.SH
2025-10-24,2.671,2.79,2.623,2.778,664317280,1803783203,2.6616,2.6173999999999995,1,1,2.778,,通信ETF,515880.SH
2025-10-27,2.86,2.921,2.836,2.913,673477836,1942475632,2.7384,2.6319333333333335,1,1,,,通信ETF,515880.SH
2025-10-28,2.88,2.995,2.866,2.916,597863107,1753025699,2.7816,2.6441999999999997,1,1,,,通信ETF,515880.SH
2025-10-29,2.98,3.008,2.91,2.971,627888936,1854523815,2.8407999999999998,2.663866666666667,1,1,,,通信ETF,515880.SH
2025-10-30,2.92,2.975,2.86,2.869,723593181,2096265355,2.8893999999999997,2.6751333333333336,1,1,,,通信ETF,515880.SH
2025-10-31,2.855,2.855,2.712,2.718,907872067,2496748561,2.8774,2.680066666666667,1,1,,,通信ETF,515880.SH
2025-11-03,2.683,2.746,2.656,2.739,538215258,1456418032,2.8426,2.6894,1,1,,,通信ETF,515880.SH
2025-11-04,2.751,2.779,2.68,2.705,428966804,1170962735,2.8004000000000002,2.707266666666667,1,1,,,通信ETF,515880.SH
2025-11-05,2.62,2.707,2.617,2.692,368168447,979365362,2.7446,2.719933333333333,1,1,,,通信ETF,515880.SH
2025-11-06,2.717,2.777,2.706,2.762,540988389,1485540256,2.7232,2.7359333333333336,-1,0,,2.762,通信ETF,515880.SH
2025-11-07,2.721,2.762,2.681,2.729,373720268,1016598374,2.7253999999999996,2.7548000000000004,-1,0,,,通信ETF,515880.SH
2025-11-10,2.725,2.747,2.613,2.702,566958411,1509118805,2.718,2.7663333333333333,-1,0,,,通信ETF,515880.SH
2025-11-11,2.736,2.739,2.611,2.618,502957613,1336672284,2.7006,2.760866666666667,-1,0,,,通信ETF,515880.SH
2025-11-12,2.58,2.649,2.549,2.645,483513342,1254635550,2.6912,2.7588666666666666,-1,0,,,通信ETF,515880.SH
2025-11-13,2.627,2.639,2.577,2.626,376617479,983734098,2.664,2.758866666666667,-1,0,,,通信ETF,515880.SH
2025-11-14,2.579,2.586,2.539,2.541,407082206,1042074584,2.6264,2.7430666666666665,-1,0,,,通信ETF,515880.SH
2025-11-17,2.538,2.598,2.531,2.564,378568739,970121683,2.5987999999999998,2.7197999999999998,-1,0,,,通信ETF,515880.SH
2025-11-18,2.537,2.613,2.524,2.556,506198244,1305586864,2.5864000000000003,2.6957999999999998,-1,0,,,通信ETF,515880.SH
2025-11-19,2.551,2.625,2.548,2.585,580107986,1504059572,2.5744,2.670066666666666,-1,0,,,通信ETF,515880.SH
2025-11-20,2.675,2.688,2.581,2.598,558223190,1463309804,2.5688,2.652,-1,0,,,通信ETF,515880.SH
2025-11-21,2.52,2.538,2.447,2.456,630192600,1568184668,2.5518,2.634533333333333,-1,0,,,通信ETF,515880.SH
2025-11-24,2.483,2.484,2.37,2.426,508713670,1234869662,2.5242,2.6136666666666666,-1,0,,,通信ETF,515880.SH
2025-11-25,2.47,2.566,2.47,2.515,676973976,1704435166,2.516,2.601,-1,0,,,通信ETF,515880.SH
2025-11-26,2.489,2.713,2.47,2.656,889344774,2336033734,2.5302,2.5986,-1,0,,,通信ETF,515880.SH
2025-11-27,2.64,2.767,2.636,2.666,536079441,1454244998,2.5438,2.5921999999999996,-1,0,,,通信ETF,515880.SH
2025-11-28,2.658,2.695,2.628,2.675,369993495,984659980,2.5876,2.5886,-1,0,,,通信ETF,515880.SH
2025-12-01,2.697,2.763,2.653,2.751,457885407,1247952732,2.6526,2.5918666666666668,1,1,2.751,,通信ETF,515880.SH
2025-12-02,2.746,2.794,2.735,2.762,374241769,1033205788,2.702,2.6014666666666666,1,1,,,通信ETF,515880.SH
2025-12-03,2.763,2.83,2.731,2.737,471582305,1310802282,2.7182,2.6076,1,1,,,通信ETF,515880.SH
2025-12-04,2.706,2.772,2.682,2.759,377173713,1030655756,2.7368,2.6164666666666667,1,1,,,通信ETF,515880.SH
2025-12-05,2.784,2.814,2.741,2.788,339967944,945501698,2.7594,2.6329333333333333,1,1,,,通信ETF,515880.SH
2025-12-08,2.792,2.981,2.792,2.941,723118949,2109858701,2.7974,2.658066666666667,1,1,,,通信ETF,515880.SH
2025-12-09,2.94,3.055,2.935,3.032,639381844,1927619883,2.8514,2.6897999999999995,1,1,,,通信ETF,515880.SH
2025-12-10,3.025,3.073,2.943,3.059,533509527,1602283129,2.9158,2.7214000000000005,1,1,,,通信ETF,515880.SH
2025-12-11,3.048,3.059,2.936,2.939,506632768,1519076158,2.9518,2.744133333333333,1,1,,,通信ETF,515880.SH
2025-12-12,2.914,3.007,2.902,2.976,453273307,1341783095,2.9894000000000003,2.7788,1,1,,,通信ETF,515880.SH
2025-12-15,2.93,2.965,2.898,2.904,352525288,1031303630,2.982,2.8106666666666666,1,1,,,通信ETF,515880.SH
2025-12-16,2.894,2.903,2.797,2.826,442510383,1257458588,2.9408000000000003,2.8314,1,1,,,通信ETF,515880.SH
2025-12-17,2.827,2.986,2.827,2.983,651846137,1906848346,2.9256,2.8532,1,1,,,通信ETF,515880.SH
2025-12-18,2.93,2.979,2.921,2.924,470710144,1386269817,2.9226,2.8704000000000005,1,1,,,通信ETF,515880.SH
2025-12-19,2.967,2.988,2.915,2.943,403340900,1191990274,2.916,2.8882666666666665,1,1,,,通信ETF,515880.SH
2025-12-22,3.002,3.093,2.999,3.082,592266918,1812147232,2.9516,2.9103333333333334,1,1,,,通信ETF,515880.SH
2025-12-23,3.084,3.104,3.051,3.074,421026985,1295420621,3.0012,2.9311333333333334,1,1,,,通信ETF,515880.SH
2025-12-24,3.088,3.136,3.061,3.135,452903786,1406510373,3.0316,2.9576666666666664,1,1,,,通信ETF,515880.SH
2025-12-25,3.135,3.195,3.084,3.14,458763117,1437779882,3.0747999999999998,2.9830666666666663,1,1,,,通信ETF,515880.SH
2025-12-26,3.115,3.133,3.08,3.104,472579077,1467138621,3.107,3.0041333333333333,1,1,,,通信ETF,515880.SH
2025-12-29,3.089,3.148,3.081,3.113,377854361,1177924056,3.1132,3.0155999999999996,1,1,,,通信ETF,515880.SH
2025-12-30,3.086,3.162,3.082,3.115,443840830,1385762630,3.1214000000000004,3.0211333333333332,1,1,,,通信ETF,515880.SH
2025-12-31,3.116,3.139,3.064,3.08,431036506,1333398867,3.1104000000000003,3.022533333333333,1,1,,,通信ETF,515880.SH
2026-01-05,3.125,3.147,3.09,3.143,515994460,1613903433,3.1109999999999998,3.036133333333333,1,1,,,通信ETF,515880.SH
2026-01-06,3.111,3.134,3.068,3.132,590637593,1831130215,3.1166000000000005,3.0465333333333335,1,1,,,通信ETF,515880.SH
2026-01-07,3.129,3.194,3.112,3.158,504033860,1588053496,3.1256,3.0634666666666663,1,1,,,通信ETF,515880.SH
2026-01-08,3.146,3.158,3.09,3.128,394396286,1233627091,3.1282,3.0836,1,1,,,通信ETF,515880.SH
2026-01-09,3.095,3.155,3.06,3.144,486497078,1516329438,3.141,3.094333333333333,1,1,,,通信ETF,515880.SH
2026-01-12,3.13,3.254,3.095,3.239,529809826,1679142541,3.1602,3.115333333333333,1,1,,,通信ETF,515880.SH
2026-01-13,3.24,3.24,3.1,3.119,412080800,1302863924,3.1576,3.1270666666666664,1,1,,,通信ETF,515880.SH
2026-01-14,3.128,3.212,3.126,3.176,445973128,1410012863,3.1612,3.1333333333333333,1,1,,,通信ETF,515880.SH
2026-01-15,3.12,3.197,3.09,3.192,427893752,1346250933,3.1740000000000004,3.1412,1,1,,,通信ETF,515880.SH
2026-01-16,3.22,3.247,3.178,3.21,611908037,1965233862,3.1872,3.1462000000000003,1,1,,,通信ETF,515880.SH
2026-01-19,3.155,3.207,3.154,3.156,292729395,928163735,3.1706000000000003,3.147266666666667,1,1,,,通信ETF,515880.SH
2026-01-20,3.149,3.155,3.031,3.057,436010622,1338568045,3.1582,3.144133333333334,1,1,,,通信ETF,515880.SH
2026-01-21,3.011,3.112,3.01,3.09,313244889,968067538,3.1409999999999996,3.1426000000000003,-1,0,,3.09,通信ETF,515880.SH
2026-01-22,3.102,3.178,3.094,3.175,385890751,1209929038,3.1376,3.1466000000000003,-1,0,,,通信ETF,515880.SH
2026-01-23,3.172,3.172,3.129,3.148,313746439,986367318,3.1252,3.151133333333333,-1,0,,,通信ETF,515880.SH
2026-01-26,3.135,3.151,3.103,3.114,206905043,645299572,3.1168,3.1492,-1,0,,,通信ETF,515880.SH
2026-01-27,3.099,3.208,3.095,3.189,372658563,1180463017,3.1432,3.153,-1,0,,,通信ETF,515880.SH
2026-01-28,3.247,3.263,3.17,3.2,339518564,1093145957,3.1652,3.1557999999999997,1,1,3.2,,通信ETF,515880.SH
2026-01-29,3.2,3.232,3.15,3.163,294082454,938166140,3.1628,3.1581333333333337,1,1,,,通信ETF,515880.SH
2026-01-30,3.124,3.291,3.1,3.271,554722770,1788128097,3.1874000000000002,3.1666,1,1,,,通信ETF,515880.SH
2026-02-02,3.287,3.344,3.15,3.16,539225765,1746498499,3.1966,3.1613333333333333,1,1,,,通信ETF,515880.SH
2026-02-03,1.074,1.095,1.046,1.084,1212174085,1303232378,2.7756,3.025666666666667,-1,0,,1.084,通信ETF,515880.SH
2026-02-04,1.061,1.075,1.029,1.051,1506501857,1574994400,2.3458,2.884,-1,0,,,通信ETF,515880.SH
2026-02-05,1.03,1.044,1.018,1.025,1270655643,1303926907,1.9182,2.739533333333333,-1,0,,,通信ETF,515880.SH
2026-02-06,1.008,1.04,1.004,1.017,855907674,874458825,1.4674,2.5933333333333333,-1,0,,,通信ETF,515880.SH
2026-02-09,1.052,1.084,1.034,1.075,1722267097,1833620944,1.0504,2.4546,-1,0,,,通信ETF,515880.SH
2026-02-10,1.073,1.088,1.068,1.073,662670101,714140415,1.0482,2.322333333333333,-1,0,,,通信ETF,515880.SH
2026-02-11,1.07,1.084,1.048,1.05,893169114,945278001,1.048,2.1863333333333332,-1,0,,,通信ETF,515880.SH
2026-02-12,1.055,1.075,1.054,1.067,659900690,703226278,1.0564,2.0458000000000003,-1,0,,,通信ETF,515880.SH
2026-02-13,1.055,1.061,1.043,1.046,645284903,678213657,1.0622,1.9056666666666666,-1,0,,,通信ETF,515880.SH
2026-02-24,1.063,1.098,1.058,1.078,1177583008,1270824741,1.0628,1.7699333333333334,-1,0,,,通信ETF,515880.SH
2026-02-25,1.078,1.085,1.062,1.084,809094129,868575049,1.065,1.6296,-1,0,,,通信ETF,515880.SH
2026-02-26,1.09,1.118,1.082,1.112,1126032894,1245339573,1.0774000000000001,1.4904000000000002,-1,0,,,通信ETF,515880.SH
2026-02-27,1.083,1.098,1.075,1.097,1194864684,1297186258,1.0834,1.3526666666666667,-1,0,,,通信ETF,515880.SH
2026-03-02,1.071,1.127,1.069,1.116,1233770257,1369002050,1.0974,1.2089999999999999,-1,0,,,通信ETF,515880.SH
2026-03-03,1.123,1.139,1.076,1.082,1349972763,1493790608,1.0982,1.0704666666666667,1,1,1.082,,通信ETF,515880.SH
2026-03-04,1.057,1.087,1.056,1.066,807965939,864262307,1.0946,1.0692666666666668,1,1,,,通信ETF,515880.SH
2026-03-05,1.088,1.121,1.072,1.094,1195140075,1312408336,1.0910000000000002,1.0721333333333334,1,1,,,通信ETF,515880.SH
2026-03-06,1.083,1.096,1.064,1.084,834901085,900565510,1.0884,1.0760666666666665,1,1,,,通信ETF,515880.SH
2026-03-09,1.05,1.055,1.01,1.052,1948000971,2007169153,1.0756000000000001,1.0784,-1,0,,1.052,通信ETF,515880.SH
2026-03-10,1.071,1.101,1.071,1.099,1563370379,1699570911,1.079,1.0800000000000003,-1,0,,,通信ETF,515880.SH
2026-03-11,1.107,1.133,1.1,1.103,1240351712,1382173703,1.0864,1.082,1,1,1.103,,通信ETF,515880.SH
2026-03-12,1.095,1.12,1.071,1.088,1315815683,1434204099,1.0852,1.0845333333333333,1,1,,,通信ETF,515880.SH
2026-03-13,1.074,1.094,1.069,1.078,908224173,982789283,1.084,1.0852666666666666,-1,0,,1.078,通信ETF,515880.SH
2026-03-16,1.072,1.083,1.055,1.079,1175130404,1256940371,1.0894,1.0874666666666668,1,1,1.079,,通信ETF,515880.SH
2026-03-17,1.08,1.085,1.021,1.024,2006570856,2093183440,1.0744000000000002,1.0838666666666668,-1,0,,1.024,通信ETF,515880.SH
2026-03-18,1.038,1.072,1.03,1.069,2144392476,2255981861,1.0676,1.0828666666666669,-1,0,,,通信ETF,515880.SH
2026-03-19,1.048,1.08,1.048,1.06,1222882768,1302301795,1.0619999999999998,1.0794,-1,0,,,通信ETF,515880.SH
2026-03-20,1.092,1.114,1.075,1.078,1983745381,2177181045,1.0619999999999998,1.0781333333333334,-1,0,,,通信ETF,515880.SH
2026-03-23,1.046,1.066,1.021,1.033,1752989956,1823905126,1.0528,1.0726,-1,0,,,通信ETF,515880.SH
2026-03-24,1.047,1.053,1.013,1.052,1329216196,1375848925,1.0584,1.0706,-1,0,,,通信ETF,515880.SH
2026-03-25,1.081,1.102,1.074,1.093,1684964210,1835329383,1.0632,1.0724000000000002,-1,0,,,通信ETF,515880.SH
2026-03-26,1.081,1.105,1.068,1.074,1223035613,1329791398,1.066,1.0710666666666666,-1,0,,,通信ETF,515880.SH
2026-03-27,1.05,1.083,1.038,1.069,1199038015,1273822026,1.0642,1.0700666666666665,-1,0,,,通信ETF,515880.SH
2026-03-30,1.046,1.089,1.045,1.084,1006684658,1078852802,1.0744000000000002,1.0722,1,1,1.084,,通信ETF,515880.SH
2026-03-31,1.074,1.092,1.056,1.067,1179985899,1265122236,1.0774000000000001,1.0700666666666667,1,1,,,通信ETF,515880.SH
2026-04-01,1.099,1.104,1.075,1.101,1414582686,1543832070,1.079,1.0699333333333334,1,1,,,通信ETF,515880.SH
2026-04-02,1.088,1.108,1.077,1.081,1104864246,1204824002,1.0804,1.0694666666666666,1,1,,,通信ETF,515880.SH
2026-04-03,1.103,1.133,1.1,1.111,1595254118,1781092216,1.0888,1.0716666666666665,1,1,,,通信ETF,515880.SH
2026-04-07,1.112,1.126,1.096,1.113,982080547,1092245693,1.0946,1.0739333333333332,1,1,,,通信ETF,515880.SH
2026-04-08,1.15,1.2,1.137,1.196,1920699620,2242145200,1.1204,1.0854,1,1,,,通信ETF,515880.SH
2026-04-09,1.179,1.207,1.172,1.2,1643299732,1960481576,1.1401999999999999,1.0941333333333332,1,1,,,通信ETF,515880.SH
2026-04-10,1.206,1.233,1.196,1.222,1872210414,2275007549,1.1683999999999999,1.1049333333333335,1,1,,,通信ETF,515880.SH
2026-04-13,1.213,1.223,1.195,1.216,1413777096,1711152148,1.1894,1.1141333333333334,1,1,,,通信ETF,515880.SH
2026-04-14,1.226,1.258,1.224,1.239,1456502210,1804962316,1.2146,1.1278666666666666,1,1,,,通信ETF,515880.SH
2026-04-15,1.244,1.263,1.208,1.22,1476472961,1823381563,1.2193999999999998,1.1390666666666667,1,1,,,通信ETF,515880.SH
2026-04-16,1.216,1.265,1.214,1.264,1260329638,1570929566,1.2322,1.1504666666666667,1,1,,,通信ETF,515880.SH
2026-04-17,1.281,1.326,1.277,1.326,1719034300,2251825304,1.2530000000000001,1.1672666666666667,1,1,,,通信ETF,515880.SH
2026-04-20,1.329,1.364,1.326,1.342,1478812074,1986126216,1.2782,1.1854666666666667,1,1,,,通信ETF,515880.SH
2026-04-21,1.321,1.341,1.309,1.338,1344048091,1780806446,1.298,1.2024000000000001,1,1,,,通信ETF,515880.SH
2026-04-22,1.325,1.415,1.324,1.413,2108406937,2917133342,1.3366,1.2254666666666667,1,1,,,通信ETF,515880.SH
2026-04-23,1.413,1.432,1.374,1.396,3354155485,4693370499,1.363,1.2451333333333332,1,1,,,通信ETF,515880.SH
2026-04-24,1.367,1.382,1.315,1.339,3688891160,4974740741,1.3656,1.2623333333333335,1,1,,,通信ETF,515880.SH
2026-04-27,1.348,1.372,1.342,1.355,1891753812,2564772533,1.3682,1.2786000000000002,1,1,,,通信ETF,515880.SH
2026-04-28,1.35,1.353,1.317,1.327,1912050903,2547170204,1.366,1.2928666666666666,1,1,,,通信ETF,515880.SH
2026-04-29,1.315,1.34,1.3,1.328,1550315697,2051369523,1.349,1.3016666666666665,1,1,,,通信ETF,515880.SH
2026-04-30,1.339,1.344,1.302,1.321,1516779903,2002932198,1.334,1.3097333333333334,1,1,,,通信ETF,515880.SH
2026-05-06,1.344,1.376,1.332,1.352,1776651630,2412532119,1.3366,1.3184,1,1,,,通信ETF,515880.SH
2026-05-07,1.368,1.414,1.342,1.414,2059215851,2851077380,1.3484,1.3316000000000001,1,1,,,通信ETF,515880.SH
2026-05-08,1.392,1.435,1.386,1.43,1895692963,2679182957,1.369,1.3443333333333334,1,1,,,通信ETF,515880.SH
2026-05-11,1.457,1.486,1.418,1.483,1941279992,2827476922,1.4,1.3618666666666668,1,1,,,通信ETF,515880.SH
2026-05-12,1.498,1.523,1.482,1.501,2162985887,3255198274,1.436,1.3776666666666666,1,1,,,通信ETF,515880.SH
2026-05-13,1.473,1.558,1.473,1.557,1853452603,2822650906,1.4769999999999999,1.3930666666666665,1,1,,,通信ETF,515880.SH
2026-05-14,1.583,1.59,1.526,1.544,2410112025,3747317573,1.503,1.4065333333333332,1,1,,,通信ETF,515880.SH
2026-05-15,1.545,1.565,1.47,1.5,2887650114,4359051911,1.517,1.4173333333333331,1,1,,,通信ETF,515880.SH
2026-05-18,1.475,1.54,1.475,1.517,1927566220,2920773761,1.5238,1.4242666666666666,1,1,,,通信ETF,515880.SH
2026-05-19,1.502,1.516,1.442,1.511,2311188077,3414905295,1.5257999999999998,1.4319333333333333,1,1,,,通信ETF,515880.SH
2026-05-20,1.491,1.532,1.491,1.517,2182021086,3303719585,1.5177999999999998,1.4438,1,1,,,通信ETF,515880.SH
2026-05-21,1.533,1.54,1.436,1.44,3149309079,4692354089,1.4969999999999999,1.4494666666666665,1,1,,,通信ETF,515880.SH
2026-05-22,1.454,1.51,1.45,1.505,2381936028,3525488293,1.498,1.4613333333333334,1,1,,,通信ETF,515880.SH
2026-05-25,1.516,1.565,1.487,1.562,2373316028,3627740165,1.507,1.4769333333333334,1,1,,,通信ETF,515880.SH
2026-05-26,1.546,1.559,1.518,1.548,1944606028,2994108164,1.5143999999999997,1.4920666666666667,1,1,,,通信ETF,515880.SH
2026-05-27,1.532,1.587,1.527,1.539,2319463557,3614493677,1.5188,1.5045333333333333,1,1,,,通信ETF,515880.SH
2026-05-28,1.53,1.623,1.511,1.619,2661727247,4179835398,1.5546000000000002,1.5182,1,1,,,通信ETF,515880.SH
2026-05-29,1.621,1.644,1.575,1.59,3069969289,4927472186,1.5716,1.5288666666666666,1,1,,,通信ETF,515880.SH
2026-06-01,1.577,1.597,1.53,1.532,2804729899,4369322223,1.5656,1.5321333333333333,1,1,,,通信ETF,515880.SH
2026-06-02,1.535,1.644,1.535,1.635,3470034872,5549169305,1.583,1.5410666666666666,1,1,,,通信ETF,515880.SH
2026-06-03,1.67,1.775,1.67,1.716,3408625705,5859590798,1.6183999999999998,1.5516666666666667,1,1,,,通信ETF,515880.SH
2026-06-04,1.675,1.723,1.675,1.708,2603531283,4439109346,1.6361999999999999,1.5626,1,1,,,通信ETF,515880.SH
2026-06-05,1.697,1.768,1.642,1.663,3945293905,6709563036,1.6507999999999998,1.5734666666666668,1,1,,,通信ETF,515880.SH
2026-06-08,1.58,1.651,1.579,1.601,4025555452,6490724527,1.6646,1.5790666666666666,1,1,,,通信ETF,515880.SH
2026-06-09,1.632,1.696,1.618,1.695,3081651582,5113027527,1.6766,1.5913333333333333,1,1,,,通信ETF,515880.SH
2026-06-10,1.66,1.673,1.61,1.63,3192575111,5233331794,1.6594000000000002,1.5988666666666664,1,1,,,通信ETF,515880.SH
2026-06-11,1.616,1.662,1.56,1.603,4068611617,6532505191,1.6384,1.6097333333333335,1,1,,,通信ETF,515880.SH
2026-06-12,1.65,1.658,1.578,1.584,3934749209,6340657752,1.6225999999999998,1.6149999999999998,1,1,,,通信ETF,515880.SH
2026-06-15,1.602,1.696,1.561,1.689,3874495215,6338415295,1.6402,1.6234666666666666,1,1,,,通信ETF,515880.SH
2026-06-16,1.692,1.75,1.688,1.729,3048428296,5242674341,1.6469999999999998,1.6355333333333333,1,1,,,通信ETF,515880.SH
2026-06-17,1.701,1.759,1.701,1.758,3026796740,5247241605,1.6725999999999999,1.6501333333333335,1,1,,,通信ETF,515880.SH
2026-06-18,1.743,1.835,1.74,1.822,2402257969,4332928855,1.7164000000000001,1.6636666666666668,1,1,,,通信ETF,515880.SH
2026-06-22,1.84,1.874,1.792,1.859,2911327171,5353376076,1.7713999999999999,1.6816,1,1,,,通信ETF,515880.SH
2026-06-23,1.846,1.857,1.774,1.794,3564661413,6461051870,1.7924,1.6990666666666667,1,1,,,通信ETF,515880.SH
2026-06-24,1.778,1.834,1.778,1.827,2824649306,5110287421,1.812,1.7118666666666666,1,1,,,通信ETF,515880.SH
2026-06-25,1.844,1.888,1.805,1.883,3580699454,6634449923,1.8370000000000002,1.7229999999999999,1,1,,,通信ETF,515880.SH
2026-06-26,1.845,1.849,1.742,1.757,5710508959,10173302034,1.8239999999999998,1.7262666666666668,1,1,,,通信ETF,515880.SH
2026-06-29,1.738,1.78,1.654,1.715,4827378017,8234198476,1.7952,1.7297333333333333,1,1,,,通信ETF,515880.SH
2026-06-30,1.729,1.811,1.714,1.796,3703848638,6560285259,1.7955999999999999,1.7427333333333335,1,1,,,通信ETF,515880.SH
2026-07-01,1.796,1.818,1.694,1.718,4757327560,8328638049,1.7738,1.7442666666666669,1,1,,,通信ETF,515880.SH
2026-07-02,1.65,1.66,1.562,1.576,4910681223,7908433456,1.7124000000000001,1.7406666666666668,-1,0,,1.576,通信ETF,515880.SH
2026-07-03,1.56,1.633,1.56,1.579,3566016416,5698469888,1.6768,1.7390666666666665,-1,0,,,通信ETF,515880.SH
2026-07-06,0.798,0.8,0.743,0.757,7068073307,5402821028,1.4852,1.6839333333333333,-1,0,,,通信ETF,515880.SH
2026-07-07,0.75,0.773,0.742,0.761,7018199129,5331025385,1.2782,1.6220666666666665,-1,0,,,通信ETF,515880.SH
2026-07-08,0.769,0.785,0.747,0.757,6274598286,4810678792,1.0859999999999999,1.5572666666666668,-1,0,,,通信ETF,515880.SH
2026-07-09,0.768,0.807,0.75,0.807,9132830947,7102781938,0.9322000000000001,1.4938666666666665,-1,0,,,通信ETF,515880.SH
2026-07-10,0.815,0.828,0.778,0.779,7745982136,6250015635,0.7722,1.4243333333333332,-1,0,,,通信ETF,515880.SH
