date,open,high,low,close,volume,amount,name,ticker
2023-07-03,25.37,26.39,25.35,25.72,65127.26,168330.636,香农芯创,300475.SZ
2023-07-04,25.73,27.09,25.09,26.5,93787.4,246834.12,香农芯创,300475.SZ
2023-07-05,26.9,27.8,26.33,27.09,167916.68,455739.507,香农芯创,300475.SZ
2023-07-06,26.99,32.51,26.54,31.0,452688.0,1386147.755,香农芯创,300475.SZ
2023-07-07,32.0,33.72,30.44,33.57,497205.46,1602320.437,香农芯创,300475.SZ
2023-07-10,32.11,32.5,31.01,32.02,340640.48,1082422.822,香农芯创,300475.SZ
2023-07-11,32.05,37.5,31.69,36.21,514258.88,1785492.48,香农芯创,300475.SZ
2023-07-12,36.36,37.71,35.02,35.65,594534.76,2168914.662,香农芯创,300475.SZ
2023-07-13,35.8,42.78,34.88,42.78,614802.49,2404637.277,香农芯创,300475.SZ
2023-07-14,44.8,47.54,43.51,46.5,656176.25,2989568.37,香农芯创,300475.SZ
2023-07-17,47.09,48.0,45.38,47.35,498541.05,2319484.741,香农芯创,300475.SZ
2023-07-18,46.0,50.1,43.77,44.06,645096.43,2987396.893,香农芯创,300475.SZ
2023-07-19,43.98,46.48,43.7,44.44,543055.26,2442568.901,香农芯创,300475.SZ
2023-07-20,44.01,45.17,40.92,41.93,528963.93,2253978.584,香农芯创,300475.SZ
2023-07-21,40.96,41.5,37.77,37.98,466131.71,1838486.126,香农芯创,300475.SZ
2023-07-24,37.3,40.24,36.8,38.71,361742.76,1409860.63,香农芯创,300475.SZ
2023-07-25,39.51,39.8,37.5,38.81,376249.56,1457640.114,香农芯创,300475.SZ
2023-07-26,38.24,38.68,36.88,37.08,305858.34,1149722.605,香农芯创,300475.SZ
2023-07-27,36.01,37.75,35.42,35.75,364987.38,1323420.176,香农芯创,300475.SZ
2023-07-28,36.53,37.06,34.7,35.53,317483.82,1139325.937,香农芯创,300475.SZ
2023-07-31,34.37,35.69,33.88,34.92,290445.33,1012329.089,香农芯创,300475.SZ
2023-08-01,35.03,37.0,34.03,36.02,435424.0,1564422.001,香农芯创,300475.SZ
2023-08-02,35.01,37.11,34.86,36.79,343921.63,1244538.919,香农芯创,300475.SZ
2023-08-03,36.15,36.5,34.4,35.3,346769.5,1224886.288,香农芯创,300475.SZ
2023-08-04,34.8,35.89,34.45,35.89,285707.44,1007182.924,香农芯创,300475.SZ
2023-08-07,35.26,37.56,35.21,36.0,382239.91,1398982.294,香农芯创,300475.SZ
2023-08-08,35.8,37.95,34.94,36.58,355401.21,1305777.73,香农芯创,300475.SZ
2023-08-09,36.2,36.87,32.6,32.66,440482.17,1508432.949,香农芯创,300475.SZ
2023-08-10,32.05,33.1,32.05,32.38,216094.86,704875.322,香农芯创,300475.SZ
2023-08-11,32.39,32.64,31.43,31.43,158625.61,504986.685,香农芯创,300475.SZ
2023-08-14,31.18,31.77,30.61,31.58,155632.57,484572.753,香农芯创,300475.SZ
2023-08-15,32.01,32.49,30.6,30.9,165456.19,522302.127,香农芯创,300475.SZ
2023-08-16,30.34,31.4,30.2,30.3,139959.99,428726.386,香农芯创,300475.SZ
2023-08-17,29.82,30.9,29.81,30.54,133607.03,405696.402,香农芯创,300475.SZ
2023-08-18,30.53,31.38,29.82,29.87,144948.9,442929.206,香农芯创,300475.SZ
2023-08-21,29.99,30.58,29.6,29.66,106406.56,319876.181,香农芯创,300475.SZ
2023-08-22,30.2,30.75,29.51,30.74,139803.08,421127.037,香农芯创,300475.SZ
2023-08-23,30.5,30.5,29.3,29.62,134308.44,398858.342,香农芯创,300475.SZ
2023-08-24,30.19,32.31,29.2,31.46,314237.9,977761.189,香农芯创,300475.SZ
2023-08-25,30.45,30.73,29.0,29.16,225436.72,669104.407,香农芯创,300475.SZ
2023-08-28,30.99,31.2,28.32,28.6,212037.22,623595.041,香农芯创,300475.SZ
2023-08-29,28.04,30.78,28.03,30.27,223164.72,666598.593,香农芯创,300475.SZ
2023-08-30,30.68,34.49,30.66,32.6,378555.11,1229431.143,香农芯创,300475.SZ
2023-08-31,31.69,33.0,31.69,32.21,230141.43,745047.001,香农芯创,300475.SZ
2023-09-01,33.0,34.53,32.75,33.22,331221.21,1116272.256,香农芯创,300475.SZ
2023-09-04,33.37,33.88,32.55,33.6,251048.56,833347.499,香农芯创,300475.SZ
2023-09-05,33.7,36.88,33.66,35.31,460018.35,1615494.607,香农芯创,300475.SZ
2023-09-06,34.29,37.5,34.25,36.43,398189.5,1414137.886,香农芯创,300475.SZ
2023-09-07,35.75,38.4,34.78,36.5,405619.57,1477792.372,香农芯创,300475.SZ
2023-09-08,35.5,36.61,33.3,33.32,369200.18,1301506.524,香农芯创,300475.SZ
2023-09-11,32.5,35.12,32.2,33.36,249185.13,838946.175,香农芯创,300475.SZ
2023-09-12,33.21,33.73,32.39,32.66,190938.49,629726.87,香农芯创,300475.SZ
2023-09-13,32.98,34.99,32.98,34.02,285591.07,972775.102,香农芯创,300475.SZ
2023-09-14,34.0,34.7,32.83,33.57,198731.07,671233.251,香农芯创,300475.SZ
2023-09-15,33.2,35.9,32.64,34.96,291711.74,1007356.246,香农芯创,300475.SZ
2023-09-18,34.64,35.3,29.56,29.89,437452.88,1404161.982,香农芯创,300475.SZ
2023-09-19,29.83,30.26,27.46,28.78,294318.46,843810.238,香农芯创,300475.SZ
2023-09-20,28.5,29.3,28.28,28.61,127692.23,369236.35,香农芯创,300475.SZ
2023-09-21,28.35,28.8,27.92,28.03,113135.62,319364.541,香农芯创,300475.SZ
2023-09-22,27.7,29.95,27.67,29.7,198685.73,578324.999,香农芯创,300475.SZ
2023-09-25,29.89,29.92,28.76,28.8,133564.23,388180.857,香农芯创,300475.SZ
2023-09-26,28.8,29.38,28.4,28.42,119745.04,345034.306,香农芯创,300475.SZ
2023-09-27,29.0,30.47,29.0,29.89,233317.61,694826.989,香农芯创,300475.SZ
2023-09-28,30.0,30.8,29.63,30.06,162048.41,489275.486,香农芯创,300475.SZ
2023-10-09,29.75,31.4,29.75,30.33,159387.57,487435.047,香农芯创,300475.SZ
2023-10-10,33.0,33.78,32.0,32.68,310928.7,1017975.398,香农芯创,300475.SZ
2023-10-11,33.0,33.17,31.51,32.02,198932.41,639130.93,香农芯创,300475.SZ
2023-10-12,32.5,32.8,31.61,32.02,135780.8,436945.151,香农芯创,300475.SZ
2023-10-13,31.57,33.19,31.55,31.66,192825.06,625145.837,香农芯创,300475.SZ
2023-10-16,31.3,31.79,29.65,30.05,181152.17,546915.693,香农芯创,300475.SZ
2023-10-17,30.21,30.46,29.48,30.3,120143.66,359347.243,香农芯创,300475.SZ
2023-10-18,29.48,29.48,27.87,28.77,132468.66,380074.733,香农芯创,300475.SZ
2023-10-19,28.77,29.51,28.48,28.57,115314.63,334082.032,香农芯创,300475.SZ
2023-10-20,28.35,29.25,27.52,27.56,88376.34,247902.345,香农芯创,300475.SZ
2023-10-23,27.28,27.47,26.18,26.77,81723.86,218286.355,香农芯创,300475.SZ
2023-10-24,27.16,28.1,26.7,27.88,93148.63,256694.111,香农芯创,300475.SZ
2023-10-25,28.1,28.3,25.91,26.15,197104.47,526899.426,香农芯创,300475.SZ
2023-10-26,25.78,26.2,25.31,26.15,132550.64,341855.527,香农芯创,300475.SZ
2023-10-27,26.21,27.6,26.21,26.94,178990.04,483830.958,香农芯创,300475.SZ
2023-10-30,26.5,27.17,26.12,27.02,140453.4,375182.536,香农芯创,300475.SZ
2023-10-31,27.99,28.5,26.37,26.54,145148.42,396172.894,香农芯创,300475.SZ
2023-11-01,26.6,27.25,26.59,26.62,93514.08,250750.649,香农芯创,300475.SZ
2023-11-02,26.75,27.85,26.21,26.79,147753.51,398186.488,香农芯创,300475.SZ
2023-11-03,26.79,27.65,26.12,27.42,194890.03,525488.018,香农芯创,300475.SZ
2023-11-06,27.88,31.3,27.69,31.23,396627.24,1170057.459,香农芯创,300475.SZ
2023-11-07,30.9,35.18,30.6,34.06,484443.37,1611595.153,香农芯创,300475.SZ
2023-11-08,33.51,35.25,32.92,33.85,372787.1,1272545.941,香农芯创,300475.SZ
2023-11-09,33.15,33.8,32.01,32.35,263157.95,861595.416,香农芯创,300475.SZ
2023-11-10,33.88,35.32,32.87,33.53,405711.7,1380582.114,香农芯创,300475.SZ
2023-11-13,34.13,35.21,32.6,33.7,365234.67,1237812.04,香农芯创,300475.SZ
2023-11-14,35.5,37.1,34.53,36.2,458232.54,1642975.492,香农芯创,300475.SZ
2023-11-15,37.71,42.72,36.81,40.0,591970.16,2347298.172,香农芯创,300475.SZ
2023-11-16,39.1,44.0,38.5,40.02,591399.47,2439450.68,香农芯创,300475.SZ
2023-11-17,40.11,41.91,39.11,41.9,524190.51,2128018.733,香农芯创,300475.SZ
2023-11-20,40.8,41.2,37.88,38.69,582230.12,2275427.972,香农芯创,300475.SZ
2023-11-21,37.8,38.49,36.69,37.09,480361.97,1796021.965,香农芯创,300475.SZ
2023-11-22,36.53,36.89,35.1,35.11,372424.59,1335922.918,香农芯创,300475.SZ
2023-11-23,35.0,35.6,34.51,35.38,225512.22,794335.286,香农芯创,300475.SZ
2023-11-24,34.95,35.34,33.67,33.85,228583.88,784339.836,香农芯创,300475.SZ
2023-11-27,33.33,35.54,33.2,35.46,313031.02,1085440.596,香农芯创,300475.SZ
2023-11-28,34.87,37.24,34.8,36.22,315918.33,1148805.081,香农芯创,300475.SZ
2023-11-29,35.7,36.69,34.73,34.96,248801.75,885946.457,香农芯创,300475.SZ
2023-11-30,34.58,35.05,33.81,34.56,162907.52,560347.268,香农芯创,300475.SZ
2023-12-01,34.56,36.16,34.03,36.09,240946.13,850691.554,香农芯创,300475.SZ
2023-12-04,36.06,37.66,35.45,36.12,276682.75,1014828.948,香农芯创,300475.SZ
2023-12-05,36.08,36.11,34.08,34.14,175799.83,611889.774,香农芯创,300475.SZ
2023-12-06,34.1,35.15,34.01,34.59,130763.25,453206.284,香农芯创,300475.SZ
2023-12-07,34.2,34.88,33.83,34.41,125442.8,432855.691,香农芯创,300475.SZ
2023-12-08,34.85,36.92,34.75,36.92,317430.06,1151359.291,香农芯创,300475.SZ
2023-12-11,36.41,37.2,35.75,36.64,218256.89,794526.398,香农芯创,300475.SZ
2023-12-12,36.5,38.48,36.36,37.5,295916.48,1113109.128,香农芯创,300475.SZ
2023-12-13,37.03,37.34,35.68,35.71,214537.61,779067.062,香农芯创,300475.SZ
2023-12-14,36.18,36.6,35.4,35.78,146538.52,527864.584,香农芯创,300475.SZ
2023-12-15,35.53,35.9,33.31,34.38,164412.7,566141.792,香农芯创,300475.SZ
2023-12-18,34.1,35.17,34.1,34.53,88264.63,305748.885,香农芯创,300475.SZ
2023-12-19,34.21,35.55,34.21,35.1,99796.22,349529.989,香农芯创,300475.SZ
2023-12-20,34.8,35.0,32.73,32.77,169055.11,567232.21,香农芯创,300475.SZ
2023-12-21,32.58,34.35,32.5,33.51,129347.33,434256.173,香农芯创,300475.SZ
2023-12-22,34.75,35.1,32.38,32.86,154315.94,519880.379,香农芯创,300475.SZ
2023-12-25,31.7,32.98,31.7,32.01,92456.25,297605.767,香农芯创,300475.SZ
2023-12-26,31.91,32.01,29.9,30.31,165364.8,505047.459,香农芯创,300475.SZ
2023-12-27,30.76,33.33,30.47,32.72,211105.55,676186.338,香农芯创,300475.SZ
2023-12-28,32.74,33.12,31.91,33.1,152801.58,499403.577,香农芯创,300475.SZ
2023-12-29,32.91,33.94,32.7,33.79,150014.48,503149.16,香农芯创,300475.SZ
2024-01-02,33.21,33.55,32.45,32.75,101137.74,332812.441,香农芯创,300475.SZ
2024-01-03,32.46,33.13,31.99,32.32,86372.88,280174.939,香农芯创,300475.SZ
2024-01-04,32.26,33.42,32.0,32.68,100930.48,330812.947,香农芯创,300475.SZ
2024-01-05,32.5,32.65,31.3,31.73,104366.78,332292.328,香农芯创,300475.SZ
2024-01-08,31.73,31.99,30.6,30.69,80008.42,247288.411,香农芯创,300475.SZ
2024-01-09,31.21,31.48,30.22,30.68,73246.11,225391.282,香农芯创,300475.SZ
2024-01-10,30.54,30.69,29.63,29.8,84468.16,253659.883,香农芯创,300475.SZ
2024-01-11,30.05,31.06,29.6,30.81,88354.92,270359.605,香农芯创,300475.SZ
2024-01-12,30.59,31.01,30.2,30.62,69505.33,212583.099,香农芯创,300475.SZ
2024-01-15,31.0,31.82,30.41,30.99,103236.98,322111.408,香农芯创,300475.SZ
2024-01-16,31.2,31.25,30.23,31.25,89915.45,276067.51,香农芯创,300475.SZ
2024-01-17,31.28,32.28,30.71,30.8,104447.58,329056.182,香农芯创,300475.SZ
2024-01-18,30.49,31.19,29.72,31.18,107087.89,324873.382,香农芯创,300475.SZ
2024-01-19,31.7,32.26,30.7,30.7,150264.45,474308.12,香农芯创,300475.SZ
2024-01-22,30.95,31.41,28.18,28.69,145340.37,432306.066,香农芯创,300475.SZ
2024-01-23,28.53,29.6,28.05,29.01,98240.34,284259.632,香农芯创,300475.SZ
2024-01-24,29.39,29.49,27.7,28.87,98603.58,280460.821,香农芯创,300475.SZ
2024-01-25,29.2,30.24,29.01,30.14,136002.14,405409.683,香农芯创,300475.SZ
2024-01-26,30.09,30.64,29.13,29.71,126163.38,377162.456,香农芯创,300475.SZ
2024-01-29,29.9,29.99,27.8,27.9,111177.61,317439.846,香农芯创,300475.SZ
2024-01-30,27.5,28.27,26.5,26.6,90915.06,248040.387,香农芯创,300475.SZ
2024-01-31,26.51,26.92,25.0,25.17,92738.22,239616.347,香农芯创,300475.SZ
2024-02-01,24.78,26.22,24.44,24.95,99855.94,252434.335,香农芯创,300475.SZ
2024-02-02,25.13,25.45,22.8,23.73,109615.51,263396.831,香农芯创,300475.SZ
2024-02-05,23.54,23.98,20.71,20.8,159244.04,347286.4,香农芯创,300475.SZ
2024-02-06,20.0,23.36,19.8,22.75,167431.72,362727.354,香农芯创,300475.SZ
2024-02-07,22.96,25.26,22.76,24.1,181367.79,441173.19,香农芯创,300475.SZ
2024-02-08,24.4,26.0,24.4,25.45,157803.74,398580.83,香农芯创,300475.SZ
2024-02-19,26.6,27.48,25.52,27.44,190978.94,505266.175,香农芯创,300475.SZ
2024-02-20,26.7,29.2,26.38,28.69,210802.36,586176.919,香农芯创,300475.SZ
2024-02-21,27.5,29.36,27.22,27.86,230934.65,651360.965,香农芯创,300475.SZ
2024-02-22,28.15,29.57,28.15,29.26,187238.72,540751.832,香农芯创,300475.SZ
2024-02-23,29.85,30.38,29.12,29.93,171947.84,514217.643,香农芯创,300475.SZ
2024-02-26,30.48,31.28,29.95,30.4,168250.1,514657.826,香农芯创,300475.SZ
2024-02-27,30.19,32.38,30.01,32.19,188577.49,594153.046,香农芯创,300475.SZ
2024-02-28,31.8,33.75,30.11,30.2,258700.53,828671.094,香农芯创,300475.SZ
2024-02-29,30.1,34.23,30.1,33.12,291192.05,946812.452,香农芯创,300475.SZ
2024-03-01,32.67,34.48,32.67,34.42,240872.6,813248.426,香农芯创,300475.SZ
2024-03-04,35.5,38.5,35.0,37.36,423075.9,1543151.18,香农芯创,300475.SZ
2024-03-05,36.99,38.89,35.8,36.56,375801.42,1404982.619,香农芯创,300475.SZ
2024-03-06,35.7,39.05,35.03,37.82,374496.48,1377823.006,香农芯创,300475.SZ
2024-03-07,37.6,38.7,36.7,37.6,267814.14,1013896.541,香农芯创,300475.SZ
2024-03-08,38.38,41.8,37.5,41.8,388710.23,1554597.072,香农芯创,300475.SZ
2024-03-11,39.81,41.79,39.35,41.23,279406.61,1121725.572,香农芯创,300475.SZ
2024-03-12,40.64,43.38,39.58,40.48,298111.8,1239359.113,香农芯创,300475.SZ
2024-03-13,41.14,42.8,40.03,41.12,261670.39,1081984.32,香农芯创,300475.SZ
2024-03-14,40.0,41.18,39.61,40.29,192031.68,774240.552,香农芯创,300475.SZ
2024-03-15,40.3,41.67,39.92,41.5,220778.04,908391.194,香农芯创,300475.SZ
2024-03-18,41.38,42.8,41.08,42.8,242063.44,1020184.39,香农芯创,300475.SZ
2024-03-19,43.13,44.0,41.81,41.88,202619.25,870215.347,香农芯创,300475.SZ
2024-03-20,41.52,43.23,41.52,42.65,168956.09,717621.468,香农芯创,300475.SZ
2024-03-21,45.0,45.99,43.4,43.94,237283.03,1056250.672,香农芯创,300475.SZ
2024-03-22,43.86,45.81,42.91,43.29,256842.35,1145331.789,香农芯创,300475.SZ
2024-03-25,42.42,43.58,39.33,39.6,345911.32,1414690.811,香农芯创,300475.SZ
2024-03-26,40.5,40.91,38.45,38.81,226298.07,901934.559,香农芯创,300475.SZ
2024-03-27,38.5,38.96,37.0,37.1,195709.54,737786.953,香农芯创,300475.SZ
2024-03-28,37.54,40.17,37.01,39.28,245160.87,946010.963,香农芯创,300475.SZ
2024-03-29,39.57,42.99,39.28,42.59,254470.13,1056386.354,香农芯创,300475.SZ
2024-04-01,42.19,43.16,40.33,42.54,194576.89,818418.198,香农芯创,300475.SZ
2024-04-02,43.77,44.18,41.91,42.54,227598.96,975555.506,香农芯创,300475.SZ
2024-04-03,42.48,44.06,41.05,42.26,235974.09,1006580.05,香农芯创,300475.SZ
2024-04-08,41.69,43.26,40.81,41.0,176415.95,738407.482,香农芯创,300475.SZ
2024-04-09,40.98,41.8,38.84,39.5,179927.17,711123.062,香农芯创,300475.SZ
2024-04-10,39.5,39.6,37.2,37.69,164791.76,624971.48,香农芯创,300475.SZ
2024-04-11,37.75,39.36,37.71,38.1,141856.06,547730.086,香农芯创,300475.SZ
2024-04-12,38.75,39.95,38.62,38.85,148437.34,583135.528,香农芯创,300475.SZ
2024-04-15,37.95,39.03,36.66,37.5,166540.5,629033.742,香农芯创,300475.SZ
2024-04-16,37.25,37.69,34.8,35.15,158508.91,571439.287,香农芯创,300475.SZ
2024-04-17,36.5,38.48,36.3,38.2,200107.74,752737.35,香农芯创,300475.SZ
2024-04-18,37.6,39.0,36.17,37.4,236725.75,889733.742,香农芯创,300475.SZ
2024-04-19,37.09,37.43,35.86,36.27,131862.88,480227.183,香农芯创,300475.SZ
2024-04-22,33.92,35.3,33.18,34.92,132819.92,457164.409,香农芯创,300475.SZ
2024-04-23,34.98,35.35,34.05,34.21,118243.99,408200.348,香农芯创,300475.SZ
2024-04-24,34.24,35.73,33.38,35.56,174184.09,608298.276,香农芯创,300475.SZ
2024-04-25,33.52,37.71,33.25,37.01,296364.17,1078681.916,香农芯创,300475.SZ
2024-04-26,36.86,39.2,36.86,38.57,234044.97,893752.693,香农芯创,300475.SZ
2024-04-29,38.57,39.09,37.56,37.82,189692.52,726707.844,香农芯创,300475.SZ
2024-04-30,37.96,38.12,36.91,37.02,146665.97,549188.091,香农芯创,300475.SZ
2024-05-06,37.5,38.18,37.21,37.28,136903.41,514796.559,香农芯创,300475.SZ
2024-05-07,37.51,37.63,35.79,36.37,129092.58,473482.385,香农芯创,300475.SZ
2024-05-08,36.23,36.66,35.35,35.48,106710.3,382778.11,香农芯创,300475.SZ
2024-05-09,35.66,38.4,35.54,37.73,216709.25,810470.526,香农芯创,300475.SZ
2024-05-10,37.63,37.66,35.05,35.65,185079.51,663981.481,香农芯创,300475.SZ
2024-05-13,35.3,35.47,34.08,34.24,125792.81,436120.465,香农芯创,300475.SZ
2024-05-14,34.55,34.98,33.9,34.1,87763.97,300922.06,香农芯创,300475.SZ
2024-05-15,34.24,35.1,33.61,34.16,76205.09,261641.419,香农芯创,300475.SZ
2024-05-16,34.48,35.75,34.1,35.15,155552.62,543215.275,香农芯创,300475.SZ
2024-05-17,34.9,35.4,34.11,35.18,103710.85,361716.81,香农芯创,300475.SZ
2024-05-20,35.14,35.74,34.42,35.65,95380.42,335745.39,香农芯创,300475.SZ
2024-05-21,35.5,36.62,35.15,35.26,111795.3,399698.699,香农芯创,300475.SZ
2024-05-22,35.41,35.75,34.66,34.98,64572.95,225896.518,香农芯创,300475.SZ
2024-05-23,35.2,35.29,34.21,34.33,74643.31,258903.032,香农芯创,300475.SZ
2024-05-24,34.3,34.67,33.12,33.12,85287.46,287388.422,香农芯创,300475.SZ
2024-05-27,33.31,34.96,32.5,34.9,108987.46,368380.304,香农芯创,300475.SZ
2024-05-28,34.68,35.52,33.58,33.81,149255.21,515184.114,香农芯创,300475.SZ
2024-05-29,33.48,34.62,33.45,33.93,65074.63,221007.798,香农芯创,300475.SZ
2024-05-30,33.8,35.93,33.4,35.34,178640.59,627876.414,香农芯创,300475.SZ
2024-05-31,36.14,36.36,34.46,34.55,178254.93,628053.289,香农芯创,300475.SZ
2024-06-03,34.93,37.28,34.62,36.27,297379.34,1082841.3,香农芯创,300475.SZ
2024-06-04,35.55,35.8,33.9,34.72,216217.33,751391.108,香农芯创,300475.SZ
2024-06-05,34.23,35.4,34.0,34.16,114756.6,398812.688,香农芯创,300475.SZ
2024-06-06,34.79,35.37,33.95,34.3,137386.78,475940.312,香农芯创,300475.SZ
2024-06-07,34.3,34.77,32.73,33.18,133586.68,447425.464,香农芯创,300475.SZ
2024-06-11,33.0,34.09,32.9,33.89,121847.27,409237.719,香农芯创,300475.SZ
2024-06-12,33.64,34.38,32.91,33.68,138917.95,465236.952,香农芯创,300475.SZ
2024-06-13,33.7,33.97,33.18,33.27,114356.06,383385.523,香农芯创,300475.SZ
2024-06-14,33.08,35.05,31.8,34.44,227224.16,765365.792,香农芯创,300475.SZ
2024-06-17,33.95,35.68,33.86,35.5,190960.25,667213.408,香农芯创,300475.SZ
2024-06-18,35.78,36.75,34.98,35.16,256178.05,916291.915,香农芯创,300475.SZ
2024-06-19,35.48,36.3,34.45,35.3,197899.63,701871.072,香农芯创,300475.SZ
2024-06-20,34.87,35.23,33.44,33.44,172007.36,590716.239,香农芯创,300475.SZ
2024-06-21,32.9,33.33,32.27,32.87,130228.49,426329.711,香农芯创,300475.SZ
2024-06-24,32.5,33.05,30.35,30.62,178309.53,561057.899,香农芯创,300475.SZ
2024-06-25,30.74,30.86,28.72,29.15,201575.33,592256.905,香农芯创,300475.SZ
2024-06-26,29.26,30.5,28.75,30.22,123265.95,364051.174,香农芯创,300475.SZ
2024-06-27,29.8,30.28,29.1,29.23,95891.91,284901.009,香农芯创,300475.SZ
2024-06-28,29.06,30.41,29.01,29.57,106287.66,317926.236,香农芯创,300475.SZ
2024-07-01,29.8,30.37,29.09,30.08,101237.82,300549.817,香农芯创,300475.SZ
2024-07-02,29.95,30.15,29.23,29.47,77686.0,230294.495,香农芯创,300475.SZ
2024-07-03,29.4,29.79,29.01,29.22,61039.84,179185.766,香农芯创,300475.SZ
2024-07-04,29.42,29.55,28.21,28.32,77757.03,223312.662,香农芯创,300475.SZ
2024-07-05,28.32,28.8,27.76,28.48,74690.31,210986.055,香农芯创,300475.SZ
2024-07-08,28.44,28.7,27.4,27.62,75475.01,210972.494,香农芯创,300475.SZ
2024-07-09,27.75,29.07,27.48,28.99,110764.26,314670.021,香农芯创,300475.SZ
2024-07-10,28.85,31.12,28.58,30.49,199114.15,601265.94,香农芯创,300475.SZ
2024-07-11,30.83,31.31,30.34,31.02,121784.67,375865.589,香农芯创,300475.SZ
2024-07-12,30.5,31.8,30.27,31.5,124697.7,388310.551,香农芯创,300475.SZ
2024-07-15,31.82,32.69,30.81,31.29,166536.7,526027.215,香农芯创,300475.SZ
2024-07-16,31.51,32.29,31.11,32.09,134158.38,426041.019,香农芯创,300475.SZ
2024-07-17,32.06,32.45,31.05,31.13,99852.84,317120.711,香农芯创,300475.SZ
2024-07-18,30.31,31.04,29.3,30.65,115627.2,348662.873,香农芯创,300475.SZ
2024-07-19,30.33,31.3,30.23,30.79,75845.0,234531.893,香农芯创,300475.SZ
2024-07-22,31.12,31.21,29.84,29.92,94714.05,286231.17,香农芯创,300475.SZ
2024-07-23,29.9,30.02,28.21,28.22,95405.84,276953.042,香农芯创,300475.SZ
2024-07-24,28.23,28.99,27.85,28.0,86296.0,245290.366,香农芯创,300475.SZ
2024-07-25,27.63,27.71,26.77,26.95,89067.92,241595.462,香农芯创,300475.SZ
2024-07-26,26.96,27.92,26.53,27.34,89024.91,241764.822,香农芯创,300475.SZ
2024-07-29,27.3,27.85,27.04,27.25,62976.15,172511.194,香农芯创,300475.SZ
2024-07-30,27.34,27.58,26.6,27.2,64194.55,173780.045,香农芯创,300475.SZ
2024-07-31,27.0,29.03,26.98,29.03,116656.88,330376.035,香农芯创,300475.SZ
2024-08-01,29.07,29.39,28.27,28.75,93865.97,270771.721,香农芯创,300475.SZ
2024-08-02,28.38,28.67,27.42,27.49,80249.85,224687.022,香农芯创,300475.SZ
2024-08-05,27.06,27.52,25.77,25.83,105325.17,280269.186,香农芯创,300475.SZ
2024-08-06,26.37,26.99,26.26,26.84,78414.2,208464.509,香农芯创,300475.SZ
2024-08-07,26.67,26.85,26.21,26.29,50495.0,133893.065,香农芯创,300475.SZ
2024-08-08,26.1,26.63,25.79,26.2,49029.0,128409.652,香农芯创,300475.SZ
2024-08-09,26.7,26.94,26.06,26.08,51184.62,134991.896,香农芯创,300475.SZ
2024-08-12,25.97,26.11,25.24,25.41,85164.98,218165.872,香农芯创,300475.SZ
2024-08-13,25.5,25.75,25.17,25.66,57881.6,147140.356,香农芯创,300475.SZ
2024-08-14,25.77,26.17,25.54,25.62,62960.0,162764.617,香农芯创,300475.SZ
2024-08-15,25.38,26.18,25.3,25.68,60700.65,156379.728,香农芯创,300475.SZ
2024-08-16,26.05,26.49,25.8,25.88,76022.0,198800.165,香农芯创,300475.SZ
2024-08-19,25.85,26.3,25.51,25.89,53302.88,138425.411,香农芯创,300475.SZ
2024-08-20,25.89,25.99,25.07,25.25,55111.0,140136.749,香农芯创,300475.SZ
2024-08-21,25.1,25.76,25.07,25.35,48692.0,124176.029,香农芯创,300475.SZ
2024-08-22,25.33,25.43,24.84,25.02,45723.35,114780.845,香农芯创,300475.SZ
2024-08-23,24.9,25.35,24.72,25.16,38651.93,96806.12,香农芯创,300475.SZ
2024-08-26,25.16,26.03,25.01,25.45,64708.1,165128.529,香农芯创,300475.SZ
2024-08-27,25.26,25.54,24.91,25.03,54538.1,137178.298,香农芯创,300475.SZ
2024-08-28,24.79,25.79,24.79,25.0,64713.2,163338.79,香农芯创,300475.SZ
2024-08-29,25.2,26.16,24.71,25.78,90098.76,230778.959,香农芯创,300475.SZ
2024-08-30,25.78,27.03,25.78,26.53,114470.02,305377.333,香农芯创,300475.SZ
2024-09-02,26.54,26.65,25.21,25.22,90275.41,232630.661,香农芯创,300475.SZ
2024-09-03,25.06,25.85,25.06,25.53,60927.0,155581.679,香农芯创,300475.SZ
2024-09-04,25.11,26.17,24.8,25.82,107605.0,274108.15,香农芯创,300475.SZ
2024-09-05,25.7,25.85,25.1,25.2,82050.8,208331.958,香农芯创,300475.SZ
2024-09-06,25.22,25.33,24.2,24.37,87344.0,214605.325,香农芯创,300475.SZ
2024-09-09,24.31,24.68,24.07,24.18,58378.0,142092.9,香农芯创,300475.SZ
2024-09-10,24.23,24.93,23.85,24.72,63197.5,153843.926,香农芯创,300475.SZ
2024-09-11,24.57,24.64,24.32,24.41,36128.0,88407.783,香农芯创,300475.SZ
2024-09-12,24.75,25.06,24.4,24.4,67193.94,166432.025,香农芯创,300475.SZ
2024-09-13,24.36,24.65,23.96,23.96,44385.5,107597.627,香农芯创,300475.SZ
2024-09-18,24.02,24.22,23.4,23.82,44171.83,105145.943,香农芯创,300475.SZ
2024-09-19,23.92,24.28,23.45,23.85,72625.54,173245.079,香农芯创,300475.SZ
2024-09-20,23.78,23.98,23.2,23.51,62260.28,146446.264,香农芯创,300475.SZ
2024-09-23,23.42,23.85,23.01,23.11,66456.58,154961.501,香农芯创,300475.SZ
2024-09-24,23.25,24.29,22.92,24.28,118040.32,280295.941,香农芯创,300475.SZ
2024-09-25,24.33,24.94,23.52,23.56,152729.0,370356.702,香农芯创,300475.SZ
2024-09-26,24.01,25.44,23.88,25.44,232748.54,573190.236,香农芯创,300475.SZ
2024-09-27,26.0,28.31,25.59,27.81,267057.35,715859.74,香农芯创,300475.SZ
2024-09-30,29.1,32.99,28.19,32.36,365219.07,1108262.485,香农芯创,300475.SZ
2024-10-08,38.82,38.83,33.95,38.83,421113.93,1562667.637,香农芯创,300475.SZ
2024-10-09,37.0,37.49,32.69,33.36,350945.39,1244102.655,香农芯创,300475.SZ
2024-10-10,34.01,34.8,32.0,33.35,229305.74,769643.024,香农芯创,300475.SZ
2024-10-11,32.6,33.16,29.79,30.36,200184.46,624661.051,香农芯创,300475.SZ
2024-10-14,30.03,32.37,29.67,32.33,200366.4,622584.492,香农芯创,300475.SZ
2024-10-15,33.29,33.87,32.22,32.38,241414.51,799367.13,香农芯创,300475.SZ
2024-10-16,30.93,31.86,30.4,30.81,168514.37,524487.062,香农芯创,300475.SZ
2024-10-17,31.12,31.75,30.53,30.58,151058.01,470676.038,香农芯创,300475.SZ
2024-10-18,30.6,34.56,30.52,33.42,338222.34,1108665.254,香农芯创,300475.SZ
2024-10-21,33.5,34.62,32.83,33.38,327160.74,1103348.854,香农芯创,300475.SZ
2024-10-22,33.11,33.77,32.38,33.04,189512.19,626764.661,香农芯创,300475.SZ
2024-10-23,32.85,33.61,32.43,33.07,164025.1,540149.969,香农芯创,300475.SZ
2024-10-24,32.73,36.41,32.17,35.32,468311.62,1631595.514,香农芯创,300475.SZ
2024-10-25,34.89,37.7,34.7,36.4,430517.62,1538759.036,香农芯创,300475.SZ
2024-10-28,36.1,36.17,34.54,35.07,350642.37,1229168.159,香农芯创,300475.SZ
2024-10-29,34.68,34.88,33.6,33.9,237252.88,811058.792,香农芯创,300475.SZ
2024-10-30,33.79,34.27,32.85,33.61,188561.75,632640.552,香农芯创,300475.SZ
2024-10-31,33.59,34.5,32.6,34.16,223834.16,754533.605,香农芯创,300475.SZ
2024-11-01,33.83,33.98,30.88,30.93,266390.0,853632.7,香农芯创,300475.SZ
2024-11-04,30.93,31.76,30.83,31.7,114891.98,361694.756,香农芯创,300475.SZ
2024-11-05,31.8,33.37,31.8,33.27,188682.24,618276.817,香农芯创,300475.SZ
2024-11-06,33.05,33.39,32.05,32.44,199204.38,652982.201,香农芯创,300475.SZ
2024-11-07,32.1,33.28,31.88,33.2,165591.16,544880.46,香农芯创,300475.SZ
2024-11-08,33.48,34.27,33.0,33.27,244620.75,824155.382,香农芯创,300475.SZ
2024-11-11,33.95,36.0,33.5,35.48,400128.52,1394857.681,香农芯创,300475.SZ
2024-11-12,35.48,35.52,33.6,34.15,301750.48,1044412.365,香农芯创,300475.SZ
2024-11-13,33.74,33.92,32.51,33.85,217899.72,724371.156,香农芯创,300475.SZ
2024-11-14,33.5,33.77,32.08,32.25,149785.19,492983.015,香农芯创,300475.SZ
2024-11-15,32.06,33.13,31.81,31.88,160965.71,520191.235,香农芯创,300475.SZ
2024-11-18,31.63,32.03,29.56,29.9,157241.68,478875.148,香农芯创,300475.SZ
2024-11-19,30.25,30.54,29.13,30.51,146601.94,439255.988,香农芯创,300475.SZ
2024-11-20,30.21,31.88,29.88,31.4,204971.07,632097.739,香农芯创,300475.SZ
2024-11-21,31.06,31.3,30.31,30.65,147224.87,452985.392,香农芯创,300475.SZ
2024-11-22,30.63,30.68,28.5,28.51,173461.41,514053.892,香农芯创,300475.SZ
2024-11-25,28.99,30.18,28.47,28.99,161564.14,471527.642,香农芯创,300475.SZ
2024-11-26,29.42,29.54,28.38,28.46,95118.8,274549.628,香农芯创,300475.SZ
2024-11-27,28.42,29.01,27.48,29.0,134307.2,378782.662,香农芯创,300475.SZ
2024-11-28,28.91,29.31,28.48,28.52,106102.41,306872.233,香农芯创,300475.SZ
2024-11-29,28.37,29.47,28.09,29.02,131143.28,378171.689,香农芯创,300475.SZ
2024-12-02,29.25,30.23,29.25,30.0,161625.01,483550.547,香农芯创,300475.SZ
2024-12-03,30.28,30.42,29.51,29.81,132147.52,394731.588,香农芯创,300475.SZ
2024-12-04,30.2,30.42,29.34,29.42,119629.3,356613.152,香农芯创,300475.SZ
2024-12-05,29.08,30.61,28.99,30.08,147632.0,442360.473,香农芯创,300475.SZ
2024-12-06,29.99,30.33,29.6,29.92,115678.0,346504.164,香农芯创,300475.SZ
2024-12-09,29.95,30.04,29.2,29.5,85227.5,252487.171,香农芯创,300475.SZ
2024-12-10,30.63,30.75,29.6,29.64,147456.9,443886.85,香农芯创,300475.SZ
2024-12-11,29.58,30.1,29.52,29.81,88380.56,263549.431,香农芯创,300475.SZ
2024-12-12,29.8,30.07,29.32,29.7,93634.02,277673.938,香农芯创,300475.SZ
2024-12-13,29.5,31.5,29.13,30.3,253576.64,765753.766,香农芯创,300475.SZ
2024-12-16,29.68,30.2,29.05,29.27,156620.53,463952.419,香农芯创,300475.SZ
2024-12-17,28.97,29.67,28.43,28.49,108333.78,313508.046,香农芯创,300475.SZ
2024-12-18,28.43,29.55,28.18,29.22,124653.07,362288.775,香农芯创,300475.SZ
2024-12-19,28.85,30.1,28.66,30.01,148871.67,440452.18,香农芯创,300475.SZ
2024-12-20,29.7,31.0,29.53,30.35,193673.08,589521.935,香农芯创,300475.SZ
2024-12-23,30.27,30.5,29.2,29.23,132673.03,394658.444,香农芯创,300475.SZ
2024-12-24,29.35,29.75,28.83,29.71,102155.03,300152.246,香农芯创,300475.SZ
2024-12-25,29.59,29.97,29.08,29.25,86430.42,254168.067,香农芯创,300475.SZ
2024-12-26,29.21,30.19,29.0,30.16,165208.93,494710.577,香农芯创,300475.SZ
2024-12-27,30.22,30.93,29.72,29.91,204885.02,622623.739,香农芯创,300475.SZ
2024-12-30,29.61,30.7,29.12,29.89,146958.0,441107.824,香农芯创,300475.SZ
2024-12-31,29.85,30.09,28.49,28.49,140277.42,407840.12,香农芯创,300475.SZ
2025-01-02,28.55,28.6,26.81,27.2,122478.44,339611.22,香农芯创,300475.SZ
2025-01-03,27.4,27.67,26.7,26.75,100230.02,272657.562,香农芯创,300475.SZ
2025-01-06,26.6,26.98,26.12,26.37,75827.4,201358.072,香农芯创,300475.SZ
2025-01-07,26.5,27.12,26.28,27.1,84307.64,225621.239,香农芯创,300475.SZ
2025-01-08,26.79,27.27,25.91,26.99,97415.91,259767.403,香农芯创,300475.SZ
2025-01-09,26.7,27.83,26.68,27.13,85984.71,235296.163,香农芯创,300475.SZ
2025-01-10,27.18,27.55,26.23,26.25,82601.4,222510.298,香农芯创,300475.SZ
2025-01-13,25.95,26.95,25.51,26.64,82967.64,220143.147,香农芯创,300475.SZ
2025-01-14,26.7,28.14,26.4,28.08,135369.47,372186.963,香农芯创,300475.SZ
2025-01-15,28.06,28.27,27.76,27.82,83197.94,232541.735,香农芯创,300475.SZ
2025-01-16,28.0,28.38,27.42,27.78,84433.9,235512.15,香农芯创,300475.SZ
2025-01-17,27.74,28.4,27.53,28.11,97133.68,272460.621,香农芯创,300475.SZ
2025-01-20,28.4,28.6,28.0,28.17,72222.7,203722.259,香农芯创,300475.SZ
2025-01-21,28.27,28.57,27.86,28.49,91913.11,260141.592,香农芯创,300475.SZ
2025-01-22,28.32,28.49,27.93,28.28,77058.78,217559.24,香农芯创,300475.SZ
2025-01-23,28.6,28.97,28.09,28.09,104460.35,298315.737,香农芯创,300475.SZ
2025-01-24,28.0,28.78,27.83,28.76,108392.05,309243.854,香农芯创,300475.SZ
2025-01-27,28.76,28.91,27.82,27.82,83284.0,235027.023,香农芯创,300475.SZ
2025-02-05,28.15,29.1,27.75,28.24,148403.51,420008.597,香农芯创,300475.SZ
2025-02-06,27.95,32.0,27.91,31.47,453447.32,1380097.282,香农芯创,300475.SZ
2025-02-07,30.98,31.55,30.34,31.03,377688.41,1169465.726,香农芯创,300475.SZ
2025-02-10,30.62,32.18,30.51,31.69,355196.62,1118092.102,香农芯创,300475.SZ
2025-02-11,31.69,31.75,30.89,31.0,214210.13,667505.421,香农芯创,300475.SZ
2025-02-12,31.3,31.98,31.03,31.74,323476.26,1019475.67,香农芯创,300475.SZ
2025-02-13,31.98,32.1,30.75,31.05,253031.63,793291.0,香农芯创,300475.SZ
2025-02-14,30.8,31.18,30.38,30.89,184278.05,566715.663,香农芯创,300475.SZ
2025-02-17,31.69,32.3,30.95,31.27,259946.14,816685.471,香农芯创,300475.SZ
2025-02-18,31.0,31.23,29.39,29.45,249838.9,754372.34,香农芯创,300475.SZ
2025-02-19,29.58,31.45,29.58,30.53,303954.55,928853.122,香农芯创,300475.SZ
2025-02-20,30.51,30.8,29.93,30.27,230797.21,699493.091,香农芯创,300475.SZ
2025-02-21,30.89,33.03,30.5,32.72,702288.93,2226941.312,香农芯创,300475.SZ
2025-02-24,34.68,38.35,33.21,36.99,1129704.01,3996800.834,香农芯创,300475.SZ
2025-02-25,35.62,39.35,35.62,37.64,1058705.63,3965971.605,香农芯创,300475.SZ
2025-02-26,37.18,38.49,35.9,37.85,709860.32,2621984.649,香农芯创,300475.SZ
2025-02-27,38.66,40.4,36.61,39.52,949693.02,3662386.511,香农芯创,300475.SZ
2025-02-28,38.49,40.1,36.96,37.82,765458.24,2947229.822,香农芯创,300475.SZ
2025-03-03,38.54,39.0,34.96,35.52,760240.75,2814763.9,香农芯创,300475.SZ
2025-03-04,34.85,37.93,33.9,37.13,678305.68,2446833.128,香农芯创,300475.SZ
2025-03-05,36.72,37.08,35.55,36.5,397916.91,1442411.699,香农芯创,300475.SZ
2025-03-06,37.28,38.8,37.1,37.5,554121.06,2089811.271,香农芯创,300475.SZ
2025-03-07,37.02,42.0,36.82,40.6,956734.51,3802107.629,香农芯创,300475.SZ
2025-03-10,40.05,41.88,39.36,41.09,657862.38,2680063.55,香农芯创,300475.SZ
2025-03-11,40.2,41.1,39.64,40.66,347761.69,1401455.967,香农芯创,300475.SZ
2025-03-12,41.02,42.78,40.66,40.66,534138.19,2225706.093,香农芯创,300475.SZ
2025-03-13,41.22,41.47,38.73,39.41,385758.39,1535734.491,香农芯创,300475.SZ
2025-03-14,40.0,43.66,39.64,43.28,565731.05,2344353.161,香农芯创,300475.SZ
2025-03-17,43.06,44.88,42.28,43.75,403286.71,1750288.716,香农芯创,300475.SZ
2025-03-18,43.65,45.19,42.01,42.29,395285.12,1710434.588,香农芯创,300475.SZ
2025-03-19,41.92,43.08,41.25,41.91,286999.72,1207949.761,香农芯创,300475.SZ
2025-03-20,41.5,41.71,40.12,40.86,269444.25,1103971.869,香农芯创,300475.SZ
2025-03-21,40.84,41.39,39.45,39.57,274140.99,1104403.04,香农芯创,300475.SZ
2025-03-24,39.05,39.13,36.67,37.83,357561.62,1346007.77,香农芯创,300475.SZ
2025-03-25,37.72,37.8,35.99,36.49,265906.56,976651.78,香农芯创,300475.SZ
2025-03-26,36.6,37.95,36.56,36.62,199358.5,738330.671,香农芯创,300475.SZ
2025-03-27,36.8,38.94,36.21,37.33,325555.74,1227047.272,香农芯创,300475.SZ
2025-03-28,37.33,37.84,36.5,36.5,178723.73,661194.645,香农芯创,300475.SZ
2025-03-31,35.8,37.65,35.21,37.25,231661.75,842454.335,香农芯创,300475.SZ
2025-04-01,37.3,37.74,36.53,36.69,170194.89,631098.21,香农芯创,300475.SZ
2025-04-02,36.4,37.51,36.28,36.53,171482.93,631460.481,香农芯创,300475.SZ
2025-04-03,35.6,36.63,33.63,33.96,315164.49,1094567.09,香农芯创,300475.SZ
2025-04-07,30.33,31.89,27.17,27.17,388196.96,1125511.066,香农芯创,300475.SZ
2025-04-08,27.0,28.3,25.37,26.43,382119.42,1015523.861,香农芯创,300475.SZ
2025-04-09,25.4,26.78,23.24,26.42,385375.93,978736.718,香农芯创,300475.SZ
2025-04-10,27.6,29.2,27.53,27.55,379843.86,1074247.033,香农芯创,300475.SZ
2025-04-11,27.34,30.49,27.27,29.18,414085.81,1199826.22,香农芯创,300475.SZ
2025-04-14,29.99,30.35,28.91,29.48,346685.9,1019324.159,香农芯创,300475.SZ
2025-04-15,29.18,30.11,28.63,28.9,210488.0,613556.869,香农芯创,300475.SZ
2025-04-16,28.7,28.87,27.29,27.8,206175.18,576408.92,香农芯创,300475.SZ
2025-04-17,27.54,29.4,27.54,28.5,225110.8,644650.14,香农芯创,300475.SZ
2025-04-18,28.31,28.79,27.95,28.37,125278.0,355293.136,香农芯创,300475.SZ
2025-04-21,28.59,29.94,28.26,29.38,231613.32,680712.044,香农芯创,300475.SZ
2025-04-22,29.3,29.53,28.63,28.99,162188.74,471560.469,香农芯创,300475.SZ
2025-04-23,29.29,30.67,29.21,30.45,287318.87,863556.43,香农芯创,300475.SZ
2025-04-24,30.72,30.8,29.4,29.56,178619.42,533928.812,香农芯创,300475.SZ
2025-04-25,31.17,31.68,30.02,31.08,337809.67,1046560.151,香农芯创,300475.SZ
2025-04-28,31.15,31.7,29.82,30.46,228182.14,693965.928,香农芯创,300475.SZ
2025-04-29,30.08,31.21,29.86,31.0,208526.46,638257.227,香农芯创,300475.SZ
2025-04-30,31.09,31.12,30.35,30.66,193633.93,595406.445,香农芯创,300475.SZ
2025-05-06,31.66,32.78,31.34,32.55,262063.24,847626.898,香农芯创,300475.SZ
2025-05-07,33.63,33.63,31.41,31.83,211663.71,681737.741,香农芯创,300475.SZ
2025-05-08,31.53,32.8,31.53,32.05,177113.66,569267.955,香农芯创,300475.SZ
2025-05-09,31.83,31.85,30.49,30.63,157931.0,487639.177,香农芯创,300475.SZ
2025-05-12,31.06,31.9,30.85,31.7,157531.66,496008.779,香农芯创,300475.SZ
2025-05-13,32.05,33.4,32.05,32.2,225227.76,733524.874,香农芯创,300475.SZ
2025-05-14,32.19,32.78,31.52,31.94,161653.99,518478.608,香农芯创,300475.SZ
2025-05-15,31.69,31.87,30.5,30.53,181406.87,558447.086,香农芯创,300475.SZ
2025-05-16,30.32,30.78,29.61,29.68,179212.28,540311.054,香农芯创,300475.SZ
2025-05-19,29.35,29.85,28.94,29.68,139719.1,409980.909,香农芯创,300475.SZ
2025-05-20,29.5,30.25,29.36,29.77,104640.79,312209.481,香农芯创,300475.SZ
2025-05-21,29.53,29.6,29.01,29.35,89949.23,263591.598,香农芯创,300475.SZ
2025-05-22,29.08,29.83,28.92,29.19,110157.27,322498.316,香农芯创,300475.SZ
2025-05-23,29.17,29.2,28.38,28.38,114432.36,329172.792,香农芯创,300475.SZ
2025-05-26,28.34,28.98,28.1,28.92,88206.48,253210.531,香农芯创,300475.SZ
2025-05-27,28.89,28.89,28.23,28.48,68557.35,194879.546,香农芯创,300475.SZ
2025-05-28,28.47,28.65,27.91,27.99,75332.85,212407.31,香农芯创,300475.SZ
2025-05-29,28.0,28.9,28.0,28.73,107644.52,307844.372,香农芯创,300475.SZ
2025-05-30,28.5,28.73,27.98,28.02,87284.45,246143.373,香农芯创,300475.SZ
2025-06-03,27.98,28.65,27.66,28.21,87436.0,247603.774,香农芯创,300475.SZ
2025-06-04,28.71,29.81,28.71,29.42,176388.28,518885.09,香农芯创,300475.SZ
2025-06-05,29.79,31.04,29.58,30.82,230903.92,701613.089,香农芯创,300475.SZ
2025-06-06,30.62,32.28,30.62,32.0,273505.16,864640.578,香农芯创,300475.SZ
2025-06-09,32.64,32.84,31.93,32.69,239863.15,776945.43,香农芯创,300475.SZ
2025-06-10,32.63,32.63,31.49,32.12,194473.67,621972.922,香农芯创,300475.SZ
2025-06-11,32.0,33.66,32.0,32.98,202304.61,671313.098,香农芯创,300475.SZ
2025-06-12,32.77,34.36,32.77,33.83,189687.25,643286.861,香农芯创,300475.SZ
2025-06-13,33.3,35.0,32.82,34.5,260088.94,882312.972,香农芯创,300475.SZ
2025-06-16,34.8,36.22,33.35,33.6,242744.16,832058.719,香农芯创,300475.SZ
2025-06-17,34.23,34.96,33.8,34.7,228503.33,786059.558,香农芯创,300475.SZ
2025-06-18,34.7,37.52,34.4,36.97,339021.55,1235225.556,香农芯创,300475.SZ
2025-06-19,36.78,37.49,36.25,36.63,232033.31,854489.159,香农芯创,300475.SZ
2025-06-20,36.9,37.3,35.47,36.02,175344.2,632311.19,香农芯创,300475.SZ
2025-06-23,35.01,36.68,35.0,36.04,153580.37,553201.296,香农芯创,300475.SZ
2025-06-24,36.6,37.45,35.6,36.05,179276.91,649823.015,香农芯创,300475.SZ
2025-06-25,36.16,37.27,35.89,36.6,172853.06,632140.721,香农芯创,300475.SZ
2025-06-26,36.58,36.75,35.72,35.72,134648.12,485340.269,香农芯创,300475.SZ
2025-06-27,35.96,36.1,34.9,35.59,141144.82,503789.139,香农芯创,300475.SZ
2025-06-30,35.52,36.44,35.26,35.63,111365.34,396685.721,香农芯创,300475.SZ
2025-07-01,35.6,36.15,34.84,35.08,145018.05,513422.055,香农芯创,300475.SZ
2025-07-02,34.83,35.25,34.03,34.19,118849.0,409238.991,香农芯创,300475.SZ
2025-07-03,34.49,36.66,34.01,35.89,231150.11,824434.905,香农芯创,300475.SZ
2025-07-04,35.88,35.88,34.1,35.6,194073.82,678070.49,香农芯创,300475.SZ
2025-07-07,35.0,36.19,34.83,35.35,109029.0,388290.756,香农芯创,300475.SZ
2025-07-08,35.81,36.1,35.16,35.2,108685.5,384945.39,香农芯创,300475.SZ
2025-07-09,35.01,35.2,34.03,34.12,148645.43,512271.293,香农芯创,300475.SZ
2025-07-10,34.0,34.28,33.14,33.25,151542.9,507988.688,香农芯创,300475.SZ
2025-07-11,33.17,33.79,32.94,33.29,93651.68,312453.571,香农芯创,300475.SZ
2025-07-14,33.29,34.2,33.22,33.61,91194.25,307875.592,香农芯创,300475.SZ
2025-07-15,33.62,34.2,33.5,33.88,90853.0,307516.526,香农芯创,300475.SZ
2025-07-16,33.99,35.3,33.61,34.49,180537.8,628354.835,香农芯创,300475.SZ
2025-07-17,34.2,36.15,33.8,35.15,171910.09,601951.404,香农芯创,300475.SZ
2025-07-18,34.99,35.06,33.6,33.68,198592.03,678655.624,香农芯创,300475.SZ
2025-07-21,33.85,33.85,33.4,33.57,80753.0,271501.242,香农芯创,300475.SZ
2025-07-22,33.56,33.67,32.86,33.03,111325.45,369173.465,香农芯创,300475.SZ
2025-07-23,32.98,33.66,32.7,33.31,110938.15,368726.108,香农芯创,300475.SZ
2025-07-24,33.45,33.59,33.0,33.45,100996.95,336418.504,香农芯创,300475.SZ
2025-07-25,33.4,34.05,33.13,33.89,103690.4,347725.617,香农芯创,300475.SZ
2025-07-28,33.8,34.25,33.43,33.93,87901.18,297844.961,香农芯创,300475.SZ
2025-07-29,33.7,34.3,33.67,34.25,98063.55,333821.497,香农芯创,300475.SZ
2025-07-30,34.28,34.73,33.57,34.0,114571.7,391161.081,香农芯创,300475.SZ
2025-07-31,34.0,35.1,33.64,33.76,144763.0,496638.137,香农芯创,300475.SZ
2025-08-01,33.63,33.84,32.76,33.46,96631.0,322256.088,香农芯创,300475.SZ
2025-08-04,33.17,34.88,33.12,34.29,154675.87,531095.836,香农芯创,300475.SZ
2025-08-05,34.65,34.86,34.25,34.39,84136.0,290368.405,香农芯创,300475.SZ
2025-08-06,34.25,35.2,33.93,35.1,122967.65,428512.026,香农芯创,300475.SZ
2025-08-07,34.82,36.36,34.58,35.9,215738.5,766441.573,香农芯创,300475.SZ
2025-08-08,35.51,35.56,34.71,34.75,115723.22,404636.349,香农芯创,300475.SZ
2025-08-11,34.76,35.98,34.76,35.59,133414.31,473408.427,香农芯创,300475.SZ
2025-08-12,35.99,37.0,35.34,37.0,233425.83,848521.262,香农芯创,300475.SZ
2025-08-13,37.8,37.86,35.68,36.03,262052.06,951375.71,香农芯创,300475.SZ
2025-08-14,35.88,37.11,35.2,35.21,220520.04,797379.653,香农芯创,300475.SZ
2025-08-15,34.99,36.36,34.9,36.11,166421.43,595990.121,香农芯创,300475.SZ
2025-08-18,36.65,37.86,36.05,37.18,221900.35,823183.824,香农芯创,300475.SZ
2025-08-19,37.18,37.38,36.69,36.86,132208.52,489338.47,香农芯创,300475.SZ
2025-08-20,36.66,37.35,36.12,37.24,148004.02,543063.265,香农芯创,300475.SZ
2025-08-21,37.24,41.18,36.83,38.74,368757.16,1434504.972,香农芯创,300475.SZ
2025-08-22,38.5,40.21,38.3,39.59,267068.3,1049624.74,香农芯创,300475.SZ
2025-08-25,39.6,41.2,39.52,40.72,308750.89,1246838.385,香农芯创,300475.SZ
2025-08-26,41.36,44.72,40.23,43.51,441038.09,1892540.751,香农芯创,300475.SZ
2025-08-27,43.3,44.44,41.6,41.9,348619.01,1511322.397,香农芯创,300475.SZ
2025-08-28,41.5,42.4,40.11,41.49,316203.52,1305018.209,香农芯创,300475.SZ
2025-08-29,41.8,42.46,41.1,42.14,251183.06,1049690.872,香农芯创,300475.SZ
2025-09-01,44.01,47.86,43.67,46.9,501603.81,2298119.128,香农芯创,300475.SZ
2025-09-02,46.17,46.68,43.51,43.93,346905.63,1565846.182,香农芯创,300475.SZ
2025-09-03,44.03,46.12,43.42,44.07,269634.69,1200209.737,香农芯创,300475.SZ
2025-09-04,43.95,43.99,39.12,39.83,331241.82,1363687.438,香农芯创,300475.SZ
2025-09-05,40.0,43.35,39.68,42.99,242623.86,1007892.589,香农芯创,300475.SZ
2025-09-08,43.99,51.5,43.6,50.43,566679.14,2683321.113,香农芯创,300475.SZ
2025-09-09,49.99,55.43,48.8,53.5,572196.99,3012156.318,香农芯创,300475.SZ
2025-09-10,53.52,54.6,52.5,53.76,367339.51,1965836.836,香农芯创,300475.SZ
2025-09-11,52.85,64.51,52.84,64.51,572458.18,3391290.674,香农芯创,300475.SZ
2025-09-12,66.0,77.41,64.32,73.83,890020.88,6364310.523,香农芯创,300475.SZ
2025-09-15,72.8,78.8,68.68,75.5,732716.79,5463157.422,香农芯创,300475.SZ
2025-09-16,76.5,77.0,73.64,75.16,503098.93,3762442.227,香农芯创,300475.SZ
2025-09-17,75.17,79.9,73.73,78.4,480793.21,3740534.357,香农芯创,300475.SZ
2025-09-18,78.03,79.9,74.28,75.51,486236.68,3747022.984,香农芯创,300475.SZ
2025-09-19,78.0,80.9,77.0,77.53,492099.39,3867964.116,香农芯创,300475.SZ
2025-09-22,79.7,88.64,78.5,87.66,602821.28,5016982.705,香农芯创,300475.SZ
2025-09-23,84.0,87.99,80.65,83.35,563440.05,4720159.764,香农芯创,300475.SZ
2025-09-24,82.94,86.66,81.3,85.0,480683.47,4045408.585,香农芯创,300475.SZ
2025-09-25,80.99,83.12,79.33,80.58,405158.53,3296009.129,香农芯创,300475.SZ
2025-09-26,80.0,83.5,77.85,77.85,396870.89,3191965.165,香农芯创,300475.SZ
2025-09-29,79.27,86.28,79.27,84.26,418803.14,3490397.498,香农芯创,300475.SZ
2025-09-30,90.1,95.0,86.41,91.26,468379.64,4253333.318,香农芯创,300475.SZ
2025-10-09,98.76,104.9,97.0,98.7,510483.73,5097933.689,香农芯创,300475.SZ
2025-10-10,95.68,103.92,91.95,101.02,532438.04,5193923.076,香农芯创,300475.SZ
2025-10-13,90.83,99.49,90.0,92.53,466028.72,4403986.922,香农芯创,300475.SZ
2025-10-14,96.96,99.0,88.0,88.17,508949.62,4795702.237,香农芯创,300475.SZ
2025-10-15,89.68,91.42,86.79,89.7,312044.56,2772583.98,香农芯创,300475.SZ
2025-10-16,88.21,107.64,88.21,104.68,702646.57,7079231.171,香农芯创,300475.SZ
2025-10-17,107.11,107.8,100.21,100.55,505246.13,5251909.871,香农芯创,300475.SZ
2025-10-20,104.0,106.0,94.37,96.21,460976.59,4515550.789,香农芯创,300475.SZ
2025-10-21,96.23,109.57,96.23,104.9,485971.0,5033311.053,香农芯创,300475.SZ
2025-10-22,100.5,111.11,98.44,107.71,486840.73,5120877.574,香农芯创,300475.SZ
2025-10-23,105.56,108.97,98.89,106.31,530981.55,5562221.351,香农芯创,300475.SZ
2025-10-24,116.0,127.57,112.94,127.57,594757.77,7235665.398,香农芯创,300475.SZ
2025-10-27,131.0,139.13,122.0,133.66,514836.54,6655752.635,香农芯创,300475.SZ
2025-10-28,125.1,131.86,123.0,128.31,334449.04,4271459.297,香农芯创,300475.SZ
2025-10-29,128.5,137.77,126.01,130.73,341970.18,4506879.067,香农芯创,300475.SZ
2025-10-30,135.0,139.6,124.5,128.57,326604.15,4304309.212,香农芯创,300475.SZ
2025-10-31,125.3,133.0,118.88,132.52,345656.95,4324746.707,香农芯创,300475.SZ
2025-11-03,126.64,145.0,126.64,143.6,399323.16,5471835.479,香农芯创,300475.SZ
2025-11-04,144.0,152.98,139.61,143.73,353314.48,5152307.111,香农芯创,300475.SZ
2025-11-05,133.56,149.02,133.56,148.3,335703.87,4827561.479,香农芯创,300475.SZ
2025-11-06,154.0,163.0,151.57,161.07,350843.27,5554639.379,香农芯创,300475.SZ
2025-11-07,157.16,184.88,157.16,170.0,389781.23,6658337.618,香农芯创,300475.SZ
2025-11-10,180.0,197.0,163.96,195.82,506100.99,8962161.918,香农芯创,300475.SZ
2025-11-11,194.0,204.57,175.0,176.58,589094.52,11314448.214,香农芯创,300475.SZ
2025-11-12,176.04,200.0,168.98,195.06,693464.96,12772653.681,香农芯创,300475.SZ
2025-11-13,191.5,201.53,187.0,192.97,544005.18,10554294.654,香农芯创,300475.SZ
2025-11-14,176.82,184.98,170.01,174.59,510789.55,9045022.719,香农芯创,300475.SZ
2025-11-17,178.06,182.3,166.55,170.89,456755.74,7949503.507,香农芯创,300475.SZ
2025-11-18,168.96,170.88,156.88,160.9,561613.66,9092168.494,香农芯创,300475.SZ
2025-11-19,160.01,165.0,158.0,161.45,371765.49,6010850.204,香农芯创,300475.SZ
2025-11-20,164.0,165.0,145.3,145.9,572751.42,8628005.854,香农芯创,300475.SZ
2025-11-21,132.08,135.8,123.43,126.41,664500.19,8505324.681,香农芯创,300475.SZ
2025-11-24,128.82,131.5,124.44,126.9,391321.12,5004397.713,香农芯创,300475.SZ
2025-11-25,134.41,137.5,129.97,131.21,554804.8,7433171.99,香农芯创,300475.SZ
2025-11-26,128.28,136.3,126.44,133.4,493572.67,6508022.022,香农芯创,300475.SZ
2025-11-27,133.51,140.78,131.0,133.42,493533.74,6723435.574,香农芯创,300475.SZ
2025-11-28,132.54,143.6,131.51,141.89,593650.41,8195829.282,香农芯创,300475.SZ
2025-12-01,141.7,141.7,133.67,135.55,552685.56,7566781.781,香农芯创,300475.SZ
2025-12-02,133.01,134.8,129.54,130.57,417382.98,5469657.191,香农芯创,300475.SZ
2025-12-03,129.06,130.44,124.97,126.66,361932.32,4595332.942,香农芯创,300475.SZ
2025-12-04,125.0,126.0,121.48,122.15,355011.73,4362208.706,香农芯创,300475.SZ
2025-12-05,124.33,126.66,120.88,124.39,299819.21,3718820.707,香农芯创,300475.SZ
2025-12-08,127.01,146.33,126.0,143.36,802311.6,10869973.189,香农芯创,300475.SZ
2025-12-09,140.82,150.88,138.18,145.84,697146.45,10152884.885,香农芯创,300475.SZ
2025-12-10,145.03,145.83,136.38,142.98,415920.52,5845360.259,香农芯创,300475.SZ
2025-12-11,147.97,148.05,139.82,143.16,510925.84,7403155.38,香农芯创,300475.SZ
2025-12-12,143.41,149.92,137.8,141.99,441211.68,6324180.351,香农芯创,300475.SZ
2025-12-15,132.61,135.5,129.11,133.49,340790.15,4524617.046,香农芯创,300475.SZ
2025-12-16,133.55,134.88,127.37,128.9,273340.82,3569747.561,香农芯创,300475.SZ
2025-12-17,130.1,137.92,128.95,137.56,329733.89,4415731.847,香农芯创,300475.SZ
2025-12-18,141.12,143.96,136.4,140.53,397690.59,5575591.631,香农芯创,300475.SZ
2025-12-19,141.76,143.5,132.16,133.2,397081.65,5372556.162,香农芯创,300475.SZ
2025-12-22,137.0,140.96,135.6,136.55,360537.34,4992883.128,香农芯创,300475.SZ
2025-12-23,136.26,141.98,134.5,136.79,342230.06,4731828.416,香农芯创,300475.SZ
2025-12-24,138.6,153.0,138.6,148.95,599306.62,8734720.368,香农芯创,300475.SZ
2025-12-25,148.97,161.75,148.97,152.06,552192.81,8560667.562,香农芯创,300475.SZ
2025-12-26,152.22,164.0,152.0,159.33,531670.63,8472298.953,香农芯创,300475.SZ
2025-12-29,161.0,165.99,155.16,156.04,449322.17,7189438.424,香农芯创,300475.SZ
2025-12-30,155.09,159.99,149.5,150.35,395886.86,6068114.697,香农芯创,300475.SZ
2025-12-31,150.27,152.65,142.0,144.34,336066.75,4867625.224,香农芯创,300475.SZ
2026-01-05,152.0,163.0,152.0,162.99,591452.32,9380484.513,香农芯创,300475.SZ
2026-01-06,159.68,173.71,156.88,170.9,550711.83,9164015.767,香农芯创,300475.SZ
2026-01-07,190.0,194.0,174.78,175.03,564245.34,10289940.076,香农芯创,300475.SZ
2026-01-08,173.17,179.9,167.07,169.0,391376.85,6735309.268,香农芯创,300475.SZ
2026-01-09,165.57,167.53,162.01,165.0,343551.41,5645470.157,香农芯创,300475.SZ
2026-01-12,168.88,175.0,158.5,175.0,521174.02,8649859.718,香农芯创,300475.SZ
2026-01-13,171.2,174.38,165.0,165.76,336660.01,5667264.024,香农芯创,300475.SZ
2026-01-14,170.46,173.73,161.79,163.52,418912.59,7040632.107,香农芯创,300475.SZ
2026-01-15,158.91,173.5,156.0,170.53,418313.54,6895292.06,香农芯创,300475.SZ
2026-01-16,169.99,190.0,168.38,179.26,535715.3,9571920.865,香农芯创,300475.SZ
2026-01-19,177.0,177.69,164.68,164.7,440476.38,7498317.043,香农芯创,300475.SZ
2026-01-20,166.0,169.3,160.55,164.24,333779.23,5519636.774,香农芯创,300475.SZ
2026-01-21,164.59,171.89,161.62,162.33,418001.17,6935556.247,香农芯创,300475.SZ
2026-01-22,167.97,169.5,159.63,161.8,361351.6,5892001.595,香农芯创,300475.SZ
2026-01-23,159.69,159.69,153.57,157.87,371389.48,5806828.426,香农芯创,300475.SZ
2026-01-26,164.0,167.45,159.4,162.83,382622.39,6249605.426,香农芯创,300475.SZ
2026-01-27,160.0,168.0,155.35,166.67,350338.6,5701697.737,香农芯创,300475.SZ
2026-01-28,167.5,177.7,166.0,175.0,454583.25,7779927.229,香农芯创,300475.SZ
2026-01-29,174.99,179.96,167.2,169.2,362090.8,6254822.697,香农芯创,300475.SZ
2026-01-30,169.57,172.89,162.8,168.56,324009.11,5452992.449,香农芯创,300475.SZ
2026-02-02,163.0,163.0,147.0,147.73,386336.03,6014635.339,香农芯创,300475.SZ
2026-02-03,154.3,155.18,148.18,153.53,247724.74,3756457.53,香农芯创,300475.SZ
2026-02-04,150.05,150.46,141.01,144.53,315008.16,4561089.012,香农芯创,300475.SZ
2026-02-05,139.64,142.24,137.0,139.9,207381.34,2894461.115,香农芯创,300475.SZ
2026-02-06,137.5,140.1,134.5,137.79,167219.45,2302033.257,香农芯创,300475.SZ
2026-02-09,140.56,141.5,137.02,140.25,187193.81,2610293.262,香农芯创,300475.SZ
2026-02-10,138.1,140.3,136.4,137.28,167157.33,2305128.621,香农芯创,300475.SZ
2026-02-11,134.5,135.28,132.36,132.97,195047.45,2599987.586,香农芯创,300475.SZ
2026-02-12,134.02,135.57,132.33,135.5,209837.69,2818291.361,香农芯创,300475.SZ
2026-02-13,133.9,139.7,132.72,137.98,251807.94,3448198.887,香农芯创,300475.SZ
2026-02-24,139.88,145.83,138.0,145.47,283709.17,4056945.606,香农芯创,300475.SZ
2026-02-25,142.0,143.6,138.38,143.27,202325.27,2857795.788,香农芯创,300475.SZ
2026-02-26,143.27,148.58,139.71,148.23,261812.67,3787130.17,香农芯创,300475.SZ
2026-02-27,145.51,148.98,143.68,148.98,174158.42,2560413.516,香农芯创,300475.SZ
2026-03-02,145.0,147.75,143.68,144.86,180630.61,2624947.865,香农芯创,300475.SZ
2026-03-03,144.08,145.76,134.37,135.18,214360.99,2979631.905,香农芯创,300475.SZ
2026-03-04,137.0,146.76,137.0,140.52,314785.91,4494971.493,香农芯创,300475.SZ
2026-03-05,145.52,145.98,137.5,138.35,253892.95,3599187.798,香农芯创,300475.SZ
2026-03-06,136.8,155.5,136.16,155.04,554389.2,8250904.799,香农芯创,300475.SZ
2026-03-09,149.01,158.67,145.0,157.8,377491.33,5748262.454,香农芯创,300475.SZ
2026-03-10,160.2,165.32,158.58,161.85,365646.89,5932588.49,香农芯创,300475.SZ
2026-03-11,160.51,162.22,155.58,156.83,282410.66,4468851.744,香农芯创,300475.SZ
2026-03-12,156.3,158.4,150.66,152.7,188075.92,2888075.085,香农芯创,300475.SZ
2026-03-13,150.0,159.99,149.46,153.55,248324.72,3850647.541,香农芯创,300475.SZ
2026-03-16,153.82,161.68,149.54,159.89,301513.16,4742256.069,香农芯创,300475.SZ
2026-03-17,158.33,159.96,153.57,153.65,202954.19,3176314.754,香农芯创,300475.SZ
2026-03-18,156.5,172.95,155.3,169.99,493263.87,8119561.457,香农芯创,300475.SZ
2026-03-19,162.92,167.2,160.08,161.68,328679.96,5373965.098,香农芯创,300475.SZ
2026-03-20,163.96,165.5,154.0,157.15,314275.49,5007640.696,香农芯创,300475.SZ
2026-03-23,149.76,153.2,142.8,143.19,274490.26,4048829.056,香农芯创,300475.SZ
2026-03-24,145.74,145.77,136.5,143.79,248093.17,3485157.996,香农芯创,300475.SZ
2026-03-25,144.49,152.86,143.6,148.44,255886.16,3794887.218,香农芯创,300475.SZ
2026-03-26,143.0,155.0,141.94,147.19,291504.56,4364618.082,香农芯创,300475.SZ
2026-03-27,140.0,146.66,137.1,143.96,198623.2,2828556.086,香农芯创,300475.SZ
2026-03-30,140.06,143.97,135.0,137.1,261182.19,3604491.102,香农芯创,300475.SZ
2026-03-31,133.34,133.76,124.41,125.63,352616.92,4501473.477,香农芯创,300475.SZ
2026-04-01,132.82,133.76,126.15,128.08,265707.28,3438834.936,香农芯创,300475.SZ
2026-04-02,129.01,130.95,124.62,125.5,180806.25,2306359.885,香农芯创,300475.SZ
2026-04-03,128.0,128.1,121.95,121.98,170212.09,2102647.232,香农芯创,300475.SZ
2026-04-07,123.5,126.94,122.8,123.48,177804.76,2216577.852,香农芯创,300475.SZ
2026-04-08,145.71,148.18,136.67,148.18,596990.81,8542211.313,香农芯创,300475.SZ
2026-04-09,149.57,152.8,145.02,147.55,531627.62,7909514.581,香农芯创,300475.SZ
2026-04-10,150.0,153.49,148.95,151.25,443549.87,6730370.585,香农芯创,300475.SZ
2026-04-13,148.51,153.47,148.46,152.0,365771.81,5531559.873,香农芯创,300475.SZ
2026-04-14,155.3,163.0,154.7,158.58,512193.67,8187142.252,香农芯创,300475.SZ
2026-04-15,160.0,162.96,152.58,153.94,423253.35,6664815.282,香农芯创,300475.SZ
2026-04-16,152.41,157.34,148.66,156.8,330632.79,5104776.017,香农芯创,300475.SZ
2026-04-17,156.0,160.58,153.33,159.12,351589.41,5518080.874,香农芯创,300475.SZ
2026-04-20,159.5,167.54,158.25,164.0,402636.52,6580654.348,香农芯创,300475.SZ
2026-04-21,162.07,162.78,157.0,160.82,274137.64,4376744.556,香农芯创,300475.SZ
2026-04-22,159.8,162.21,158.8,162.12,255445.34,4106568.416,香农芯创,300475.SZ
2026-04-23,164.44,164.98,153.84,156.39,356078.36,5636074.917,香农芯创,300475.SZ
2026-04-24,160.0,172.14,158.51,162.05,660893.32,10868785.308,香农芯创,300475.SZ
2026-04-27,163.87,172.86,163.0,170.99,542690.43,9207995.613,香农芯创,300475.SZ
2026-04-28,170.73,178.68,168.0,171.61,531720.92,9215215.579,香农芯创,300475.SZ
2026-04-29,169.06,175.95,169.06,174.3,488069.63,8451876.05,香农芯创,300475.SZ
2026-04-30,173.76,178.78,170.41,174.7,392179.91,6848660.968,香农芯创,300475.SZ
2026-05-06,188.99,204.0,186.0,194.66,669300.61,13166460.448,香农芯创,300475.SZ
2026-05-07,194.77,199.0,188.66,189.18,539543.69,10391395.785,香农芯创,300475.SZ
2026-05-08,183.95,184.88,180.0,181.02,463178.85,8431637.472,香农芯创,300475.SZ
2026-05-11,191.0,201.9,188.0,193.58,682035.96,13289209.171,香农芯创,300475.SZ
2026-05-12,192.0,193.02,183.91,184.61,432779.12,8087332.96,香农芯创,300475.SZ
2026-05-13,181.46,195.44,178.96,194.64,494137.53,9251656.121,香农芯创,300475.SZ
2026-05-14,194.65,209.86,190.0,200.5,633007.89,12745829.123,香农芯创,300475.SZ
2026-05-15,200.1,202.28,186.9,190.4,504576.43,9738998.688,香农芯创,300475.SZ
2026-05-18,190.56,203.33,190.56,194.35,441760.65,8738739.902,香农芯创,300475.SZ
2026-05-19,190.0,190.9,179.38,188.88,400857.84,7427023.609,香农芯创,300475.SZ
2026-05-20,188.0,192.77,184.21,186.4,304203.36,5696318.447,香农芯创,300475.SZ
2026-05-21,190.82,192.99,176.66,177.75,434934.61,8113828.937,香农芯创,300475.SZ
2026-05-22,181.21,187.86,179.22,187.69,359543.61,6614741.122,香农芯创,300475.SZ
2026-05-25,187.69,204.86,184.86,204.56,503434.31,9940248.468,香农芯创,300475.SZ
2026-05-26,202.0,203.0,189.35,194.93,394393.7,7630630.458,香农芯创,300475.SZ
2026-05-27,203.5,204.99,191.87,192.72,452795.64,9006945.912,香农芯创,300475.SZ
2026-05-28,190.0,193.45,182.43,188.0,337072.73,6318035.47,香农芯创,300475.SZ
2026-05-29,189.5,193.66,176.58,180.09,365210.82,6702987.765,香农芯创,300475.SZ
2026-06-01,180.48,182.0,166.8,167.09,300864.56,5202801.353,香农芯创,300475.SZ
2026-06-02,168.0,179.35,165.3,175.13,348483.36,6050831.569,香农芯创,300475.SZ
2026-06-03,174.35,184.93,174.0,177.03,330252.45,5944659.336,香农芯创,300475.SZ
2026-06-04,174.77,188.63,174.1,184.96,370933.58,6821183.355,香农芯创,300475.SZ
2026-06-05,179.42,179.71,170.95,171.9,311709.1,5477667.29,香农芯创,300475.SZ
2026-06-08,160.0,165.58,156.51,159.13,270295.5,4354690.013,香农芯创,300475.SZ
2026-06-09,163.96,174.2,160.61,173.3,332934.79,5554533.7987,香农芯创,300475.SZ
2026-06-10,170.2,183.0,169.43,178.19,341661.06,6088238.19014,香农芯创,300475.SZ
2026-06-11,175.0,182.48,174.21,182.16,246481.89,4411674.23814,香农芯创,300475.SZ
2026-06-12,188.11,194.96,186.04,187.5,480354.64,9177996.79278,香农芯创,300475.SZ
2026-06-15,193.0,205.0,184.3,204.29,491748.79,9612830.40187,香农芯创,300475.SZ
2026-06-16,204.29,208.5,200.5,204.41,316153.21,6456376.68087,香农芯创,300475.SZ
2026-06-17,198.98,245.29,197.0,245.29,519827.1,11599691.8179,香农芯创,300475.SZ
2026-06-18,250.0,258.78,245.5,254.87,582480.83,14727493.7395,香农芯创,300475.SZ
2026-06-22,259.0,292.0,258.0,287.8,478440.41,13352446.9711,香农芯创,300475.SZ
2026-06-23,283.56,300.0,274.37,283.51,492620.01,14149632.929,香农芯创,300475.SZ
2026-06-24,281.0,294.69,277.0,289.6,407416.77,11658043.3524,香农芯创,300475.SZ
2026-06-25,300.68,313.8,291.02,306.25,561390.24,17008306.1614,香农芯创,300475.SZ
2026-06-26,300.05,317.88,298.53,301.0,436965.16,13401166.8962,香农芯创,300475.SZ
2026-06-29,290.01,312.6,284.0,296.0,402123.44,11947586.6347,香农芯创,300475.SZ
2026-06-30,292.83,304.0,280.1,300.0,304147.15,8952149.18802,香农芯创,300475.SZ
2026-07-01,300.0,325.82,295.5,302.51,359002.85,11102886.4743,香农芯创,300475.SZ
2026-07-02,275.07,284.45,260.0,262.04,457468.54,12410912.415,香农芯创,300475.SZ
2026-07-03,261.05,274.94,253.33,264.25,323336.0,8547856.7825,香农芯创,300475.SZ
2026-07-06,274.0,283.45,259.8,265.0,387401.78,10439798.0877,香农芯创,300475.SZ
2026-07-07,257.06,259.5,239.0,244.33,337345.65,8402320.01054,香农芯创,300475.SZ
2026-07-08,249.9,263.0,243.24,244.09,327000.29,8232296.03049,香农芯创,300475.SZ
2026-07-09,253.96,267.99,245.0,267.98,411239.96,10627336.8143,香农芯创,300475.SZ
2026-07-10,266.67,283.1,263.02,271.0,434333.13,11918910.0288,香农芯创,300475.SZ
